ResponseID,ResponseSet,Name,ExternalDataReference,EmailAddress,IPAddress,Status,StartDate,EndDate,Finished,random,Timing-First Click,Timing-Last Click,"Timing-#QuestionText, TimingPageSubmit#","Timing-#QuestionText, TimingClickCount#",What is your highest level of education completed?,Timing-First Click,Timing-Last Click,"Timing-#QuestionText, TimingPageSubmit#","Timing-#QuestionText, TimingClickCount#",Please rate your skill in mathematics:-1 (Not at all proficient) -------------------------------------------- 5 (Highly proficient),Timing-First Click,Timing-Last Click,"Timing-#QuestionText, TimingPageSubmit#","Timing-#QuestionText, TimingClickCount#",Please rate your English reading skills:-1 (Not at all proficient) -------------------------------------------- 5 (Highly proficient),Timing-First Click,Timing-Last Click,"Timing-#QuestionText, TimingPageSubmit#","Timing-#QuestionText, TimingClickCount#",Please rate your English listening skills:-1 (Not at all proficient) -------------------------------------------- 5 (Highly proficient),Timing-First Click,Timing-Last Click,"Timing-#QuestionText, TimingPageSubmit#","Timing-#QuestionText, TimingClickCount#",What is your age in years?,Timing-First Click,Timing-Last Click,"Timing-#QuestionText, TimingPageSubmit#","Timing-#QuestionText, TimingClickCount#",What is your gender?,Timing-First Click,Timing-Last Click,"Timing-#QuestionText, TimingPageSubmit#","Timing-#QuestionText, TimingClickCount#",What is your country of birth?,Timing-First Click,Timing-Last Click,"Timing-#QuestionText, TimingPageSubmit#","Timing-#QuestionText, TimingClickCount#",What is your country of residence?,Your Survey Is about to begin. You will have 90 seconds to answer each question. Please have a pe...,Timing-First Click,Timing-Last Click,"Timing-#QuestionText, TimingPageSubmit#","Timing-#QuestionText, TimingClickCount#","You are at the pet shelter, and you can adopt 2 kittens! The shelter has 5 kittens available for...",Timing-First Click,Timing-Last Click,"Timing-#QuestionText, TimingPageSubmit#","Timing-#QuestionText, TimingClickCount#","You have 5 friends who want to play Monopoly with you. Unfortunately, you can only play with 3 fr...",Timing-First Click,Timing-Last Click,"Timing-#QuestionText, TimingPageSubmit#","Timing-#QuestionText, TimingClickCount#","You just got a free ticket for a boat ride, and you can bring along 2 friends! Unfortunately, you...",Timing-First Click,Timing-Last Click,"Timing-#QuestionText, TimingPageSubmit#","Timing-#QuestionText, TimingClickCount#","Jamie is planning a trip to Italy and is deciding between 5 different towns to visit, but only 3...",Timing-First Click,Timing-Last Click,"Timing-#QuestionText, TimingPageSubmit#","Timing-#QuestionText, TimingClickCount#",Please type the choice (a - e) in the box,Timing-First Click,Timing-Last Click,"Timing-#QuestionText, TimingPageSubmit#","Timing-#QuestionText, TimingClickCount#","Katie must place five stuffed animals--a duck, a goose, a panda, a turtle and a swan in a row in...",Timing-First Click,Timing-Last Click,"Timing-#QuestionText, TimingPageSubmit#","Timing-#QuestionText, TimingClickCount#",Please note: You will not be able to proceed for 6.5 minutes.  The time is meant for you to revie...,Timing-First Click,Timing-Last Click,"Timing-#QuestionText, TimingPageSubmit#","Timing-#QuestionText, TimingClickCount#",Please note: You will not be able to proceed for 6.5 minutes.  The time is meant for you to revie...,Timing-First Click,Timing-Last Click,"Timing-#QuestionText, TimingPageSubmit#","Timing-#QuestionText, TimingClickCount#",Please click next to for the next question,Timing-First Click,Timing-Last Click,"Timing-#QuestionText, TimingPageSubmit#","Timing-#QuestionText, TimingClickCount#","You have 6 different colored plates in your cupboard. When you cook a meal for your friend, you s...",Timing-First Click,Timing-Last Click,"Timing-#QuestionText, TimingPageSubmit#","Timing-#QuestionText, TimingClickCount#","You have three free tickets to the baseball game, allowing you to bring 2 friends with you. Unfor...",Timing-First Click,Timing-Last Click,"Timing-#QuestionText, TimingPageSubmit#","Timing-#QuestionText, TimingClickCount#","William is planning a weekend trip with his wife, and he wants to choose the best outfits possibl...",Timing-First Click,Timing-Last Click,"Timing-#QuestionText, TimingPageSubmit#","Timing-#QuestionText, TimingClickCount#",Brandon is at the pet store and there are 7 different cats but he can only afford to bring home 3...,Timing-First Click,Timing-Last Click,"Timing-#QuestionText, TimingPageSubmit#","Timing-#QuestionText, TimingClickCount#",Please type the choice (a - e) in the box,Timing-First Click,Timing-Last Click,"Timing-#QuestionText, TimingPageSubmit#","Timing-#QuestionText, TimingClickCount#","A radio station has to choose three days of the seven in a week to broadcast a certain program, a...","Here is your confirmation code  ${e://Field/random}IMPORTANT: To get credit for the survey,  plea...",LocationLatitude,LocationLongitude,LocationAccuracy,
R_2PpPpdGTTaP07O0,Survey08072015,Anonymous,,,108.69.208.182,0,2015-08-07 10:37:07,2015-08-07 10:49:40,1,280772839,3.423,3.423,5.096,1,3,0,0,3.865,0,1,0,0,3.404,0,5,0,0,2.667,0,5,1.075,1.075,13.218,1,32,0.808,0.808,1.815,1,2,1.034,2.499,6.91,2,US,83.598,84.499,87.466,2,US,1,4.944,4.944,8.71,1,3,6.825,18.785,20.08,3,15,4.903,27.009,31.135,3,15,6.643,6.643,8.604,1,15,22.643,27.682,29.62,4,a,15.292,15.292,16.467,1,4,,,,,,0,0,390.014,0,1,,,,,,20.542,20.542,25.748,1,12,7.538,7.538,26.905,1,18,3.434,3.434,6.874,1,12,5.435,5.435,8.86,1,21,21.557,21.557,25.134,1,e,9.816,9.816,10.93,1,3,1,37.984298706055,-120.38999938965,-1,
R_3PMtLelybsqiUE4,Survey08072015,Anonymous,,,73.182.114.126,0,2015-08-07 10:39:14,2015-08-07 10:49:59,1,641896626,1.699,4.942,5.738,2,3,3.867,3.867,4.376,1,2,3.197,3.197,5.118,1,5,0,0,4.895,0,5,2.017,2.017,4.724,1,32,1.267,1.267,2.503,1,2,2.223,2.407,5.113,2,USA,15.179,29.415,30.101,3,USA,1,2.384,2.384,25.998,1,10,2.918,2.918,8.668,1,3,2.624,5.353,13.718,2,6,2.869,2.869,5.32,1,6,12.529,27.869,46.236,3,b,7.658,11.645,13.3,2,2,,,,,,10.922,24.07,390.026,3,1,,,,,,12.549,12.549,20.505,1,12,2.198,2.198,6.757,1,3,1.474,1.474,3.962,1,5,1.297,1.297,4.43,1,5,2.811,4.356,7.067,2,e,2.85,7.036,9.981,3,4,1,32.095703125,-81.25309753418,-1,
R_2OThK3e6g1setnh,Survey08072015,Anonymous,,,65.26.194.73,0,2015-08-07 10:38:53,2015-08-07 10:50:08,1,988078401,5.272,5.918,7.832,2,3,0,0,5.08,0,4,0,0,2.984,0,5,0,0,2.584,0,5,1.283,1.283,7.932,1,31,48.108,48.108,53.577,1,2,1.397,1.397,6.155,1,United States,1.203,1.203,7.702,1,United States,1,3.608,3.608,25.573,1,11,4.78,4.78,20.668,1,10,23.667,23.667,27.624,1,6,40.695,40.695,44.074,1,5,61.715,61.715,64.097,1,e,61.967,61.967,70.456,1,3,,,,,,,,,,,0,0,2.303,0,1,25.368,25.368,29.442,1,9,11.209,11.209,19.355,1,3,1.977,1.977,16.928,1,4,56.614,56.614,59.592,1,16,62.514,65.784,66.532,2,a,25.556,25.556,27.356,1,3,1,42.529205322266,-87.884498596191,-1,
R_udNdHFTl6r7Vhnz,Survey08072015,Anonymous,,,173.24.16.40,0,2015-08-07 10:42:51,2015-08-07 10:50:31,1,609630947,3.185,3.185,5.053,1,5,0,0,5.791,0,1,0,0,2.873,0,5,1.758,1.758,3.364,1,5,1.102,1.102,2.707,1,34,0.752,0.752,1.346,1,2,0.98,6.018,6.5,4,United States,0.877,4.367,4.998,2,United States,1,3.543,3.543,29.444,1,10,28.652,30.014,32.151,4,10,25.032,25.032,25.844,1,6,31.12,31.454,33.773,2,9,51.612,62.269,64.466,4,c,31.936,31.936,33.182,1,5,,,,,,,,,,,0,0,1.902,0,1,28.197,28.197,29.053,1,15,0.98,12.335,14.023,3,3,13.95,13.95,14.817,1,6,33.423,33.423,38.105,1,35,39.276,42.395,43.269,4,a,25.658,25.658,26.468,1,4,1,41.56640625,-93.740501403809,-1,
R_1F3vZE69AnvUoku,Survey08072015,Anonymous,,,72.71.228.101,0,2015-08-07 10:41:42,2015-08-07 10:50:57,1,948669640,2.908,4.275,5.181,2,3,5.083,5.083,5.935,1,3,0,0,2.509,0,5,0,0,1.955,0,5,0.868,0.868,1.794,1,26,0.635,0.635,1.337,1,1,0.607,0.607,1.717,1,USA,0.858,0.858,1.761,1,USA,1,1.326,1.326,23.746,1,10,2.265,2.265,24.597,1,6,1.615,45.632,46.537,2,8,1.538,65.17,66.136,3,6,41.554,41.554,42.738,1,b,41.37,41.37,42.547,1,2,,,,,,,,,,,1.006,1.006,1.277,1,1,1.092,46.132,52.347,3,36,0.721,5.442,28.353,2,3,27.404,27.404,30.545,1,6,1.151,44.687,45.136,2,15,42.983,42.983,45.951,1,d,36.547,36.547,37.98,1,3,1,43.404205322266,-70.745498657227,-1,
R_WcgWDI7WUPZNh4t,Survey08072015,Anonymous,,,108.176.27.50,0,2015-08-07 10:39:11,2015-08-07 10:52:15,1,466098180,2.016,2.016,2.949,1,5,0,0,6.988,0,2,3.701,6.705,9.043,3,5,1.344,1.681,2.63,2,4,1.005,1.005,3.249,1,27,0.905,0.905,1.5,1,2,0.871,0.871,4.717,1,USA,1.029,1.029,3.575,1,USA,1,50.261,50.261,80.576,1,10,50.43,50.43,52.546,1,6,46.16,46.454,49.779,2,5,51.466,51.466,53.809,1,6,0,0,61.153,0,a,23.493,24.168,42.159,2,5,,,,,,,,,,,0,0,1.397,0,1,1.677,2.49,50.225,2,15,19.524,21.736,22.047,2,3,22.023,22.023,23.763,1,6,1.841,46.061,47.885,5,15,35.587,51.192,51.427,3,b,60.497,60.497,61.409,1,2,1,40.739105224609,-73.982597351074,-1,
R_8IZxVU2JBmHgYFP,Survey08072015,Anonymous,,,54.148.44.119,0,2015-08-07 10:39:34,2015-08-07 10:53:29,1,301225088,0.64,1.331,1.574,2,5,0.88,1.849,2.216,2,3,0,0,4.059,0,5,0,0,2.581,0,5,0.973,0.973,2.397,1,32,0.59,0.59,1.484,1,1,0.902,0.902,5.542,1,usa,0.959,0.959,3.506,1,usa,1,1.615,4.075,7.31,2,10,1.079,1.079,6.527,1,3,0.511,0.742,4.487,2,2,0.818,3.579,4.203,3,3,1.637,1.959,3.96,2,c,3.75,3.75,4.644,1,3,,,,,,,,,,,0,0,0.927,0,1,1.176,1.176,4.774,1,12,0.464,0.464,2.922,1,3,0.426,0.426,2.99,1,4,0.765,2.7,3.49,2,21,0.101,1.353,2.504,2,c,0.786,3.642,4.779,2,3,1,45.839904785156,-119.70059967041,-1,
R_xci6UMf0np4G9mV,Survey08072015,Anonymous,,,71.235.198.251,0,2015-08-07 10:37:56,2015-08-07 10:53:48,1,514384442,1.277,1.277,1.545,1,5,3.638,3.638,4.919,1,5,0,0,1.948,0,5,1.941,1.941,10.038,1,5,0.926,0.926,1.785,1,25,0.561,0.561,0.692,1,1,0.758,0.758,2.03,1,USA,0.653,0.653,2.031,1,USA,1,1.897,1.897,26.37,1,10,1.124,1.124,80.804,1,20,2.866,2.866,40.852,1,6,0,0,67.821,0,21,30.356,30.356,30.863,1,c,19.869,19.869,20.332,1,4,,,,,,28.552,28.552,390.009,1,1,,,,,,17.546,17.546,31.137,1,30,2.522,2.522,7.926,1,6,1.046,1.046,58.706,1,12,1.192,1.192,14.332,1,210,75.011,75.011,82.77,1,c,33.03,56.292,57.38,2,3,1,42.7958984375,-71.056999206543,-1,
R_AjJqunv8x65jPOx,Survey08072015,Anonymous,,,69.34.52.206,0,2015-08-07 10:37:23,2015-08-07 10:53:54,1,436070137,3.99,3.99,7.614,1,3,0,0,12.972,0,3,0,0,29.946,0,3,0,0,6.334,0,3,1.635,1.635,4.721,1,40,1.74,1.74,3.044,1,1,1.7,1.7,9.505,1,United States of America,1.776,1.776,8.819,1,United States of America,1,8.801,8.801,22.093,1,10,8.181,8.181,24.551,1,10,10.869,10.869,17.502,1,6,7.558,54.663,66.705,2,10,33.983,36.6,38.511,3,c,37.957,37.957,39.572,1,4,44.176,223.589,390.024,4,1,,,,,,,,,,,12.325,12.325,17.638,1,15,11.985,11.985,21.277,1,3,13.686,13.686,19.677,1,6,16.065,16.065,23.258,1,35,24.439,64.616,90.004,3,e,36.575,36.575,50.698,1,2,1,44.805404663086,-93.624801635742,-1,
R_URSPdiW0Nt5llYt,Survey08072015,Anonymous,,,104.178.209.97,0,2015-08-07 10:37:06,2015-08-07 10:55:48,1,628892302,5.323,5.323,7.03,1,5,0,0,13.879,0,3,12.85,12.85,15.58,1,4,3.826,3.826,6.548,1,4,1.489,1.489,5.107,1,56,2.335,2.335,4.074,1,2,1.451,1.451,8.845,1,United States,1.393,1.393,7.188,1,United States,1,48.711,48.711,84.599,1,10,2.252,2.252,43.144,1,6,8.676,8.676,55.55,1,6,1.623,1.623,34.649,1,6,61.278,61.278,66.904,1,e,55.891,55.891,58.021,1,5,246.464,246.464,390.006,1,1,,,,,,,,,,,9.179,9.179,19.519,1,30,1.986,1.986,16.445,1,6,1.448,1.448,12.123,1,8,1.042,33.491,40.805,2,210,78.394,78.394,85.02,1,e,73.117,73.117,77.862,1,3,1,37.236206054688,-121.82890319824,-1,
R_2AEYEiVzYEvykHZ,Survey08072015,Anonymous,,,192.152.249.253,0,2015-08-07 10:37:33,2015-08-07 10:55:49,1,373399308,3.158,3.158,5.438,1,5,4.576,4.576,7.508,1,2,0,0,4.409,0,5,0,0,2.691,0,5,1.589,1.589,3.517,1,66,1.168,1.168,2.264,1,1,1.849,1.849,7.49,1,USA,4.021,4.021,8.635,1,USA,1,2.123,61.569,65.064,3,20,4.823,28.511,31.107,2,3,33.619,33.619,36.287,1,3,3.169,33.657,35.925,2,5,69.998,69.998,76.616,1,b,29.161,29.161,30.382,1,4,,,,,,49.066,49.066,390.007,1,1,,,,,,5.06,43.714,47.069,2,30,2.029,20.344,25.271,2,6,1.743,45.37,47.21,3,12,1.901,42.334,44.556,2,27,74.435,78.163,82.044,2,a,74.601,74.601,76.084,1,5,1,32.776596069336,-79.93090057373,-1,
R_1hECfgwqtTETHJh,Survey08072015,Anonymous,,,166.176.250.18,0,2015-08-07 10:50:56,2015-08-07 10:55:58,1,208513222,10.769,13.536,14.901,3,3,0,0,2.749,0,2,1.736,2.415,3.654,2,4,0,0,3.169,0,4,0.922,3.024,5.332,2,25,0.654,0.654,1.165,1,1,0.829,0.829,3.439,1,us,0.73,0.73,3.601,1,us,1,2.92,2.92,21.643,1,4,3.371,3.371,11.605,1,3,1.798,1.798,15.539,1,3,35.803,36.705,38.989,2,8,14.99,18.782,20.409,3,b,12.479,12.479,13.564,1,5,,,,,,,,,,,0,0,2.683,0,1,1.262,1.262,27.464,1,10,3.905,4.728,27.433,2,4,6.716,8.836,10.137,2,6,2.3,2.3,8.827,1,12,6.799,7.583,10.455,2,b,14.039,14.039,15.59,1,1,1,42.353897094727,-83.21199798584,-1,
R_2Pp3jLccobbdn2I,Survey08072015,Anonymous,,,108.61.228.59,0,2015-08-07 10:38:14,2015-08-07 10:57:26,1,165630441,1.754,1.754,2.763,1,4,1.116,1.116,2.406,1,1,1.893,2.721,3.803,2,4,0,0,2.351,0,4,0.922,0.922,1.974,1,30,0.682,0.682,1.18,1,2,0.781,0.781,2.127,1,USA,0.815,0.815,2.067,1,USA,1,3.341,3.341,5.94,1,10,1.117,21.271,90.771,3,15,16.677,16.677,35.477,1,8,1.3,1.3,3.194,1,15,2.154,86.348,90.544,3,,88.211,89.452,90.007,2,3,200.791,200.791,391.01,1,1,,,,,,,,,,,30.904,75.781,90.892,2,30,35.084,35.084,89.366,1,6,8.261,8.261,21.138,1,12,57.499,57.499,59.972,1,210,0,0,91.084,0,,26.029,26.029,26.89,1,3,1,42.015197753906,-87.990097045898,-1,
R_3rYsjyFoZKj6dhP,Survey08072015,Anonymous,,,216.167.129.76,0,2015-08-07 10:43:53,2015-08-07 10:58:37,1,377718613,1.377,1.377,2.945,1,5,0,0,5.112,0,3,0,0,2.953,0,4,0,0,2.586,0,4,1.128,1.128,2.564,1,26,0.639,0.639,1.232,1,2,0.955,3.186,3.666,2,USA,0.884,0.884,2.711,1,USA,1,3.047,17.21,18.894,2,10,23.622,23.622,28.374,1,9,16.684,16.684,18.326,1,6,46.376,48.142,48.639,2,10,27.239,27.239,28.675,1,c,16.709,16.709,18.509,1,5,282.188,282.188,390.022,1,1,,,,,,,,,,,48.691,74.345,77.899,3,15,12.671,12.671,14.223,1,3,15.919,16.905,18.257,2,6,77.783,77.783,80.311,1,34,41.483,42.059,44.763,2,d,42.29,42.29,43.619,1,4,1,33.590301513672,-101.85189819336,-1,
R_3qVAYhpJT3Boz8F,Survey08072015,Anonymous,,,50.182.53.0,0,2015-08-07 10:45:23,2015-08-07 10:59:34,1,663996560,347.387,347.387,349.685,1,4,25.156,25.156,28.58,1,1,0,0,3.507,0,2,0,0,3.208,0,2,0.935,0.935,2.412,1,25,1.101,1.101,1.912,1,2,1.032,1.032,4.425,1,United States,1.089,4.722,5.047,2,United States,1,2.164,2.572,16.009,2,10,2.721,3.749,7.767,2,15,1.745,15.586,16.778,4,8,0,0,90.015,0,,0,0,90.018,0,,9.372,11.449,11.88,4,3,,,,,,,,,,,1.368,1.368,1.714,1,1,1.245,2.375,8.145,3,12,2.597,2.597,15.667,1,6,6.857,6.857,8.559,1,8,1.67,8.174,8.652,4,21,13.961,14.378,15.75,2,b,10.239,10.239,11.395,1,3,1,39.824005126953,-75.131797790527,-1,
R_vZulOAiPoaC9Qxr,Survey08072015,Anonymous,,,24.154.177.53,0,2015-08-07 10:42:07,2015-08-07 10:59:40,1,928588939,1.33,1.33,2.161,1,5,0,0,9.002,0,3,0,0,2.569,0,5,0,0,2.267,0,5,1.152,4.895,5.48,3,29,0.807,0.807,1.825,1,2,39.842,43.657,46.347,5,USA,0.905,0.905,4.683,1,USA,1,38.459,38.459,40.328,1,10,46.662,48.782,49.204,2,11,1.329,1.329,28.009,1,6,39.34,41.419,41.721,2,9,0.28,45.489,47.839,2,e,41.807,41.807,42.469,1,5,,,,,,29.663,29.663,390.02,1,1,,,,,,21.049,21.265,25.704,2,15,1.222,1.222,39.314,1,3,37.362,37.362,39.628,1,6,1.96,2.887,72.63,2,35,46.712,46.712,50.081,1,b,44.351,44.351,45.046,1,4,1,40.914001464844,-79.931999206543,-1,
R_1GQ7qSVjNj9KNga,Survey08072015,Anonymous,,,172.2.142.120,0,2015-08-07 10:47:11,2015-08-07 11:01:27,1,850063945,1.665,1.665,2.349,1,6,1.866,1.866,3.787,1,4,0,0,2.52,0,5,0,0,2.042,0,5,1.257,1.257,2.649,1,33,0.884,0.884,1.561,1,2,1.01,1.01,2.403,1,USA,1.359,1.359,3.055,1,USA,1,1.463,40.607,53.796,7,10,2.13,2.13,34.554,1,5,1.462,1.462,25.382,1,6,2.638,30.146,33.645,2,10,36.709,36.709,40.346,1,d,24.881,24.881,26.393,1,3,,,,,,37.253,37.253,390.047,1,1,,,,,,8.051,8.051,14.363,1,30,1.309,16.965,19.4,3,6,1.609,1.609,12.643,1,12,1.664,1.664,90.797,1,30,52.472,52.472,54.793,1,b,16.516,16.516,18.119,1,3,1,32.777297973633,-117.10079956055,-1,
R_1rCkkA6FsPMEKUm,Survey08072015,Anonymous,,,173.80.196.156,0,2015-08-07 10:52:58,2015-08-07 11:01:59,1,847990097,3.664,3.664,4.665,1,3,0,0,6.848,0,2,0,0,7.756,0,5,0,0,3.305,0,5,1.122,1.122,4.414,1,34,1.065,1.065,2.093,1,1,1.194,1.194,9.041,1,united states,3.971,3.971,13.731,1,united states,1,17.669,17.669,28.819,1,10,52.078,52.618,69.812,2,625,18.46,29.836,31.805,2,16,20.052,20.445,24.384,2,625,45.769,45.769,49.178,1,b,33.908,35.298,36.362,2,3,,,,,,,,,,,0,0,2.04,0,1,28.102,28.506,38.417,2,12,19.534,19.934,23.76,2,5,11.949,32.355,32.98,2,16,1.106,1.106,10.386,1,21,36.695,36.695,40.632,1,a,26.594,26.594,27.97,1,2,1,37.786193847656,-81.978103637695,-1,
R_1rpioLHtO7aaoir,Survey08072015,Anonymous,,,108.243.26.116,0,2015-08-07 10:56:37,2015-08-07 11:03:11,1,449325488,3.657,3.657,5.551,1,3,0,0,8.54,0,5,4.577,4.577,9.903,1,5,0,0,8.407,0,5,1.402,1.402,6.196,1,29,1.036,1.036,2.462,1,1,1.202,1.41,9.258,2,united states ,1.128,1.128,12.029,1,united states ,1,26.916,27.784,29.348,2,1,11.611,11.611,15.133,1,2,10.232,10.573,13.829,2,2,26.243,26.64,31.768,3,2,15.559,15.559,22.108,1,c,16.502,16.502,17.79,1,2,,,,,,,,,,,0,0,1.625,0,1,12.971,12.971,23.372,1,3,15.242,15.242,22.208,1,2,1.688,1.752,5.184,2,2,39.804,39.804,46.098,1,1,5.979,10.355,14.335,4,a,6.213,6.213,8.032,1,2,1,33.375793457031,-84.465698242188,-1,
R_3hDQddDUInOXgMM,Survey08072015,Anonymous,,,122.174.30.104,0,2015-08-07 10:47:45,2015-08-07 11:03:28,1,520924353,3.003,3.003,4.184,1,6,4.943,4.943,12.593,1,3,0,0,3.891,0,4,0,0,3.745,0,4,1.5,1.5,3.948,1,25,0.944,0.944,1.712,1,2,1.443,1.443,12.457,1,India,1.088,1.088,6.91,1,India,1,1.423,1.423,20.132,1,2,1.23,1.23,24.712,1,3,0.995,0.995,38.773,1,1,1.486,15.578,33.432,2,3,41.05,41.05,43.499,1,a,44.425,44.425,45.348,1,3,,,,,,0,0,390.06,0,1,,,,,,3.104,3.104,21.518,1,15,0.981,25.224,39.412,2,2,0.981,0.981,33.839,1,6,1.287,1.287,23.358,1,35,45.242,45.242,46.695,1,b,44.015,44.015,44.988,1,4,1,13.083297729492,80.283294677734,-1,
R_22Kb5MU3UsRChY8,Survey08072015,Anonymous,,,45.47.106.124,0,2015-08-07 10:39:52,2015-08-07 11:04:53,1,727301747,2.034,2.034,2.799,1,6,1.537,1.537,3.048,1,4,1.3,2.41,2.71,3,5,0,0,1.66,0,5,1.163,1.163,61.56,1,28,0.814,0.814,1.625,1,1,1.321,1.321,5.585,1,usa,0.863,1.134,4.331,2,usa,1,1.57,54.69,90.004,4,20,6.25,83.387,85.96,3,125,50.286,50.286,52.395,1,6,43.185,65.497,67.893,2,20,58.915,58.915,64.942,1,c,0,0,90.008,0,,84.48,200.984,390.234,3,1,,,,,,,,,,,1.576,82.464,90.227,3,30,79.154,79.154,90.004,1,6,1.518,10.582,87.495,3,6,1.536,87.063,95.218,2,96,82.439,84.421,90.003,2,,73.762,73.762,74.804,1,5,1,42.94189453125,-75.803298950195,-1,
R_2UcoUghnFMitWq2,Survey08072015,Anonymous,,,73.168.133.154,0,2015-08-07 10:53:35,2015-08-07 11:05:06,1,441320362,1.623,5.135,6.699,2,3,1.681,4.065,5.402,5,1,0,0,1.962,0,4,0,0,1.256,0,4,1.053,1.053,3.479,1,37,0.709,0.709,1.362,1,2,1.022,1.022,4.473,1,usa,0.596,1.068,5.081,2,united states,1,1.066,1.066,21.9,1,24,1.897,6.623,10.638,2,15,1.312,1.312,10.788,1,6,1.292,1.754,4.811,2,15,2.581,2.581,8.64,1,d,4.948,11.196,15.56,3,3,,,,,,12.414,305.803,390.073,5,1,,,,,,17.992,21.48,24.207,2,30,3.669,3.669,25.547,1,6,7.551,7.551,9.98,1,12,3.589,26.875,28.609,2,42,9.358,9.358,13.148,1,b,3.856,52.962,56.524,4,2,1,39.815002441406,-85.783500671387,-1,
R_3qpq2rEJcyKpldq,Survey08072015,Anonymous,,,71.197.179.26,0,2015-08-07 10:58:20,2015-08-07 11:05:29,1,968955392,2.207,4.236,4.881,3,3,2.517,4.907,5.117,2,2,2.88,2.88,3.219,1,2,0,0,3.718,0,4,0.849,1.122,5.141,2,21,0.781,0.781,3.654,1,1,0.873,0.873,3.399,1,Vietnam,0.538,0.538,2.34,1,US,1,1.32,60.832,61.066,10,10,2.753,61.2,63.124,7,10,0.727,5.765,6.079,5,8,0.608,4.311,7.627,4,10,1.685,50.87,54.6,6,a,4.707,80.009,80.261,14,3,,,,,,,,,,,0,0,2.703,0,1,13.384,13.384,16.513,1,12,0.691,5.882,6.102,6,8,0.806,6.294,10.536,9,8,3.818,4.318,7.299,3,21,3.567,19.31,20.937,5,a,2.043,29.653,31.373,12,3,1,47.195297241211,-122.331199646,-1,
R_1NlkFJXPGXHHEpR,Survey08072015,Anonymous,,,54.174.77.195,0,2015-08-07 10:41:12,2015-08-07 11:05:33,1,523544821,5.159,10.875,12.657,3,5,10.159,25.649,27.116,3,2,10.978,22.389,23.956,2,4,11.616,16.458,18.053,2,4,2.088,2.088,6.397,1,65,1.84,5.245,6.774,2,2,2.184,2.184,10.992,1,France,2.123,2.123,8.974,1,USA,1,16.035,33.385,43.243,3,5,37.068,42.871,44.497,2,5,19.831,31.941,36.379,2,4,29.009,35.214,37.659,2,3,19.843,83.172,86.872,6,a,39.974,64.495,67.402,3,5,231.022,387.901,390.016,6,1,,,,,,,,,,,0.7,0.7,2.47,1,,26.183,26.183,90.023,1,,4.927,11.455,13.902,2,2,127.458,133.259,134.835,2,35,77.558,81.867,90.014,2,,1.303,15.64,16.966,4,2,1,39.043701171875,-77.487503051758,-1,
R_2418ZQxGpo1iZvG,Survey08072015,Anonymous,,,164.113.217.51,0,2015-08-07 10:52:42,2015-08-07 11:06:14,1,211335533,2.115,2.115,3.173,1,6,0,0,3.761,0,4,1.188,1.491,2.625,2,4,2.783,4.2,5.214,3,3,0.844,0.844,2.322,1,34,0.729,0.729,1.608,1,1,0.936,0.936,3.803,1,USA,0.798,0.798,2.938,1,USA,1,1.304,4.52,23.658,2,10,4.3,33.979,34.541,2,6,2.97,3.914,11.307,2,6,2.862,2.862,5.526,1,6,9.787,49.954,50.401,3,c,26.57,26.57,27.437,1,2,75.941,179.727,390.006,4,1,,,,,,,,,,,0,0,90.013,0,,11.776,11.776,38.369,1,6,2.063,8.35,9.78,3,6,58.556,58.843,62.163,2,36,14.01,15.182,15.628,2,a,4.89,11.906,12.821,2,5,1,39.039306640625,-95.208702087402,-1,
R_2rw1meu9ylqtLgM,Survey08072015,Anonymous,,,63.149.18.28,0,2015-08-07 10:50:36,2015-08-07 11:07:06,1,450745738,1.425,1.425,2.179,1,5,0,0,3.78,0,4,0,0,2.963,0,5,0,0,2.674,0,5,0.748,0.748,3.355,1,33,0.686,0.686,1.636,1,1,0.879,0.879,4.166,1,United States,1.02,1.02,3.818,1,United States,1,12.292,12.292,23.092,1,2,3.135,3.135,11.647,1,3,0,0,23.847,0,2,0,0,6.618,0,3,73.217,73.217,74.985,1,c,5.96,80.711,81.617,4,4,,,,,,13.503,45.579,390.312,6,1,,,,,,39.302,39.302,42.153,1,30,0.713,0.713,67.661,1,3,1.153,1.153,24.506,1,12,0,0,28.905,0,126,37.201,37.201,40.345,1,c,81.357,82.34,82.648,2,3,1,36.635498046875,-88.282997131348,-1,
R_2PpaZ4a1jJK2B4O,Survey08072015,Anonymous,,,68.80.90.64,0,2015-08-07 10:52:31,2015-08-07 11:07:22,1,596093708,110.676,110.676,111.441,1,5,0,0,2.958,0,3,0,0,3.761,0,4,1.612,1.985,4.201,2,5,1.117,1.117,3.458,1,28,0.993,0.993,1.741,1,1,1.028,1.495,4.399,2,USA,1.634,1.634,4.154,1,USA,1,5.718,24.87,28.007,6,2,8.142,8.142,10.558,1,2,8.545,8.545,11.155,1,1,72.407,72.407,80.821,1,3,3.858,30.185,33.964,3,d,21.408,21.408,22.691,1,5,0,0,390.364,0,1,,,,,,,,,,,60.248,60.248,74.089,1,3,12.418,12.418,17.106,1,1,3.108,3.108,6.478,1,2,9.201,9.201,11.062,1,2,16.09,16.09,18.203,1,b,9.86,9.86,10.691,1,1,1,39.715103149414,-75.730598449707,-1,
R_3HTAsQkjaiAEfGe,Survey08072015,Anonymous,,,99.135.147.143,0,2015-08-07 10:53:40,2015-08-07 11:09:26,1,399041264,0,0,4.014,0,3,0,0,4.785,0,1,0,0,4.522,0,4,0,0,2.795,0,5,0,0,2.025,0,32,0,0,1.199,0,1,0,0,6.976,0,The United States of America,0,0,5.999,0,The United States of America,1,33.574,33.574,34.939,1,10,49.009,75.583,76.386,3,7,22.089,29.827,30.438,2,6,65.19,78.658,79.259,2,7,0,0,56.021,0,c,53.879,74.307,75.055,2,5,,,,,,0,0,390.016,0,1,,,,,,4.829,4.829,10.892,1,30,1.983,1.983,11.158,1,6,1.65,13.64,14.814,2,12,6.54,6.54,8.369,1,210,35.169,35.169,36.411,1,a,36.289,36.289,54.643,1,3,1,41.803207397461,-88.134101867676,-1,
R_23gB5UPrdgHOr2Q,Survey08072015,Anonymous,,,173.185.23.108,0,2015-08-07 10:57:22,2015-08-07 11:09:50,1,391732271,2.068,7.608,9.162,3,5,0,0,17.637,0,3,3.798,3.798,6.622,1,5,0,0,7.47,0,5,1.988,1.988,5.26,1,55,1.546,1.546,2.878,1,2,1.655,1.655,5.381,1,USA,1.535,1.535,5.399,1,USA,1,17.14,31.717,45.146,4,10,48.98,48.98,53.368,1,15,32.777,32.777,36.02,1,8,5.845,5.845,10.876,1,15,14.589,49.821,54.238,3,d,20.597,62.598,80.929,3,3,,,,,,,,,,,0,0,2.704,0,1,48.901,48.901,53.392,1,36,60.034,61.341,65.689,2,3,28.76,28.76,31.749,1,6,15.575,15.575,25.892,1,18,15.371,70.718,74.22,6,c,28.392,30.62,90.025,2,3,1,29.619705200195,-95.63500213623,-1,
R_3NONfbjzLFQ89ca,Survey08072015,Anonymous,,,68.32.245.224,0,2015-08-07 10:49:37,2015-08-07 11:12:02,1,264981685,1.195,1.195,2.35,1,5,2.813,2.813,5.581,1,3,0,0,2.593,0,3,0,0,549.213,0,3,1.034,1.034,2.635,1,38,0.833,0.833,1.447,1,1,0.648,0.648,3.881,1,Philippines,0.858,0.858,2.577,1,USA,1,10.336,10.336,14.69,1,2,5.303,5.303,11.13,1,2,3.878,3.878,16.831,1,4,7.306,7.306,28.421,1,6,0,0,0,0,a,59.34,67.188,68.022,2,3,,,,,,0,0,389.995,0,1,,,,,,0,0,90.08,0,,12.313,12.313,20.072,1,3,2.019,2.019,11.213,1,3,6.736,6.736,11.616,1,3,7.38,7.38,15.639,1,e,48.716,48.716,49.84,1,1,1,35.908599853516,-86.781097412109,-1,
R_10orMB6rFLe5wDV,Survey08072015,Anonymous,,,99.109.96.242,0,2015-08-07 10:49:00,2015-08-07 11:12:19,1,403704240,5.398,10.177,11.584,7,6,0,0,4.173,0,2,0,0,3.486,0,4,0,0,2.82,0,4,1.117,1.117,3.13,1,45,0.987,0.987,1.842,1,1,1.055,1.055,4.036,1,USA,1.916,1.916,5.91,1,USA,1,72.109,84.258,87.794,2,20,2.065,58.516,90.008,2,12,49.851,49.851,90.015,1,6,30.772,72.823,90.011,2,12,55.263,89.482,90.001,3,b,55.788,72.293,73.549,2,4,,,,,,14.538,159.075,390.008,9,1,,,,,,3.418,87.428,90.013,3,15,1.823,39.641,90.013,2,3,14.679,14.679,18.019,1,6,38.407,38.407,95.379,1,35,78.376,81.399,87.324,2,b,12.685,12.685,15.638,1,4,1,32.810104370117,-97.106101989746,-1,
R_vPtIgRKBmtBkaNH,Survey08072015,Anonymous,,,24.18.211.116,0,2015-08-07 11:01:12,2015-08-07 11:12:39,1,405015819,2.903,2.903,4.667,1,3,0,0,6.475,0,3,3.01,3.01,5.411,1,5,0,0,3.619,0,5,1.807,1.807,4.061,1,49,1.434,1.434,2.573,1,2,1.612,1.612,4.704,1,England,1.501,1.501,3.97,1,USA,1,4.073,4.073,8.55,1,2,3.55,3.55,6.612,1,1,3.392,3.392,5.432,1,2,4.945,4.945,9.261,1,3,18.51,18.51,20.907,1,b,28.442,31.075,32.672,2,3,,,,,,0,0,390.028,0,1,,,,,,6.807,6.807,26.669,1,18,3.723,3.723,13.059,1,1,3.101,3.101,18.128,1,8,2.878,2.878,9.922,1,2,13.989,13.989,17.358,1,b,11.014,11.014,12.696,1,3,1,47.673797607422,-122.34190368652,-1,
R_1NfdRVj6JJMwPQW,Survey08072015,Anonymous,,,54.66.185.187,0,2015-08-07 10:56:00,2015-08-07 11:12:57,1,287947017,86.484,87.537,88.045,2,5,3.472,3.472,6.69,1,4,0,0,11.477,0,4,0,0,19.512,0,4,1.624,1.624,3.334,1,27,1.521,1.521,2.249,1,2,3.305,8.705,9.476,2,India,1.925,1.925,7.616,1,India,1,9.071,39.545,42.438,3,10,20.875,58.963,59.799,7,5,24.085,24.952,26.413,2,6,15.973,15.973,18.308,1,6,54.925,54.925,57.018,1,c,10.16,10.16,11.356,1,2,,,,,,12.127,267.67,390.015,14,1,,,,,,35.742,50.021,52.196,2,15,13.529,13.529,14.979,1,3,8.732,8.732,22.921,1,6,26.239,26.239,28.708,1,35,12.87,12.87,16.593,1,e,9.954,9.954,11.152,1,4,1,-33.86149597168,151.20550537109,-1,
R_2dyivxWib84iYPx,Survey08072015,Anonymous,,,67.2.65.241,0,2015-08-07 10:55:53,2015-08-07 11:13:57,1,309271860,2.401,2.401,4.425,1,3,0,0,7.619,0,3,0,0,2.479,0,4,0,0,2.711,0,4,1.466,1.466,4.657,1,34,0.974,0.974,1.936,1,2,1.077,1.077,10.121,1,United States of America,1.126,1.126,9.477,1,United States of America,1,2.911,2.911,27.999,1,10,47.333,49.868,50.495,2,7,21.703,21.703,24.033,1,6,28.844,57.118,57.517,3,15,34.401,34.401,49.835,1,c,23.095,28.274,30.07,2,3,0,0,390.018,0,1,,,,,,,,,,,17.836,17.836,20.311,1,5,1.696,1.696,36.461,1,3,2.4,2.4,63.115,1,6,2.204,2.204,50.281,1,70,15.161,15.161,25.314,1,c,73.588,73.588,75.79,1,4,1,40.559799194336,-111.96649932861,-1,
R_2ccIYMPo64VsrN2,Survey08072015,Anonymous,,,24.159.117.170,0,2015-08-07 10:57:02,2015-08-07 11:17:12,1,481895256,3.122,3.122,3.887,1,3,0,0,6.016,0,4,0,0,7.182,0,4,0,0,2.876,0,5,0.9,1.436,3.282,3,28,0.801,0.801,5.264,1,1,1.062,1.311,4.893,2,United States,0.894,0.894,4.59,1,United States,1,10.444,10.772,67.337,2,8,72.412,72.412,79.108,1,10,57.198,57.198,59.878,1,5,69.479,69.479,76.246,1,7,52.588,53.244,65.498,2,e,54.669,69.517,77.317,4,5,,,,,,51.695,51.695,390.007,1,1,,,,,,34.757,34.757,41.712,1,5,26.703,44.734,65.046,3,2,1.023,1.023,44.382,1,3,30.521,30.84,33.975,2,30,57.036,57.036,66.369,1,b,72.073,73.881,75.193,3,3,1,34.167495727539,-83.912002563477,-1,
R_2tT4dh7x0ZcK8AV,Survey08072015,Anonymous,,,71.90.154.170,0,2015-08-07 11:13:39,2015-08-07 11:19:33,1,209994588,1.78,2.468,2.793,2,5,0,0,5.766,0,3,2.223,2.223,2.545,1,5,0,0,2.513,0,5,0.945,0.945,2.222,1,23,0.722,0.722,1.371,1,1,0.903,0.903,3.945,1,United States,1.052,1.052,3.887,1,United States,1,28.569,28.569,31.879,1,20,11.972,11.972,14.227,1,50,17.6,17.6,19.401,1,12,9.861,9.861,12.686,1,20,27.417,27.417,29.725,1,c,10.37,10.37,12.512,1,2,,,,,,,,,,,0,0,1.183,0,1,13.557,13.557,15.882,1,30,12.381,12.684,13.699,2,4,9.31,9.31,10.802,1,12,71.262,71.262,75.418,1,40,20.848,20.848,22.494,1,d,44.744,44.744,45.671,1,4,1,43.444107055664,-84.025497436523,-1,
R_AF1q0M6O3lTpKw1,Survey08072015,Anonymous,,,74.111.127.72,0,2015-08-07 11:20:11,2015-08-07 11:25:59,1,569489971,2.267,3.402,4.355,3,6,0,0,5.349,0,2,0,0,3.179,0,5,0,0,3.986,0,5,1.199,1.199,3.083,1,51,1.166,1.166,2.172,1,2,1.205,1.205,6.689,1,United States,1.469,1.469,6.752,1,United States,1,2.248,3.369,6.42,2,2,3.793,5.873,9.636,2,1,6.759,6.759,15.56,1,1,4.41,4.794,6.469,2,1,9.24,29.849,30.819,4,a,13.173,13.99,15.281,2,4,,,,,,,,,,,0,0,1.643,0,1,10.071,10.071,13.775,1,3,3.926,3.926,5.919,1,1,5.142,8.965,11.119,2,1,7.812,7.812,9.206,1,1,0.043,13.211,16.783,4,d,16.997,19.875,21.836,4,2,1,40.406692504883,-80.110801696777,-1,
R_1gGBy8QOtgsVFgU,Survey08072015,Anonymous,,,198.71.117.76,0,2015-08-07 11:05:01,2015-08-07 11:26:45,1,771101119,3.054,3.054,7.216,1,3,0,0,13.309,0,3,2.033,2.033,4.549,1,1,0,0,5.378,0,2,1.294,1.611,4.451,2,24,0.829,0.829,1.66,1,1,1.184,1.184,4.598,1,us,1.811,2.663,4.415,3,us,1,22.179,60.028,63.794,5,10,51.068,52.553,52.858,2,10,47.779,47.779,90.001,1,6,29.488,30.129,81.385,3,10,74.47,74.47,77.597,1,c,71.645,74.447,90.002,2,5,,,,,,0,0,390.007,0,1,,,,,,28.527,28.527,90.005,1,15,24.113,24.113,25.59,1,3,2.221,35.113,58.753,4,6,8.211,65.766,77.985,5,35,79.283,79.283,81.085,1,d,27.755,47.442,49.209,7,4,1,32.703796386719,-109.65579986572,-1,
R_2bP4r5lUQ7WmIci,Survey08072015,Anonymous,,,72.22.126.30,0,2015-08-07 11:17:05,2015-08-07 11:28:24,1,807337150,1.577,1.577,3.047,1,4,0,0,6.72,0,2,0,0,2.644,0,5,0,0,2.723,0,5,1.216,1.216,5.743,1,34,0.939,0.939,1.691,1,2,1.012,1.012,7.519,1,USA,4.479,4.479,7.59,1,USA,1,1.396,22.556,25.736,5,10,5.505,5.505,8.57,1,15,4.1,7.236,9.269,4,8,4.194,4.505,7.457,2,15,34.948,34.948,39.166,1,c,41.799,42.986,47.127,2,3,27.01,33.61,390.03,3,1,,,,,,,,,,,21.37,21.37,23.631,1,12,11.431,17.853,18.198,2,18,3.652,3.652,10.247,1,8,3.776,3.776,5.839,1,21,7.335,7.335,9.66,1,e,17.368,18.451,19.7,2,5,1,36.784698486328,-86.211898803711,-1,
R_5ApJ7kt7DhdOQgN,Survey08072015,Anonymous,,,73.17.16.91,0,2015-08-07 11:27:27,2015-08-07 11:30:19,1,912119960,1.704,1.704,3.296,1,6,2.232,3.966,10.085,3,0,0,0,4.748,0,5,2.343,2.343,4.08,1,4,1.706,1.706,4.588,1,54,1.783,1.783,2.71,1,2,1.451,1.451,6.686,1,USA,3.186,3.186,6.875,1,USA,1,7.205,8.208,12.418,2,3,1.994,1.994,7.525,1,2,3.13,4.978,7.293,3,4,4.062,4.062,8.594,1,3,11.156,11.156,14.851,1,b,4.877,5.925,7.148,2,3,,,,,,,,,,,0,0,1.652,0,1,5.361,5.361,7.35,1,3,2.086,2.628,5.566,2,6,2.004,2.938,5.032,2,4,5.503,5.503,7.989,1,9,5.497,5.497,8.841,1,a,5.564,5.564,6.725,1,3,1,42.22380065918,-72.640899658203,-1,
R_2BkAwMgRrXFjK1C,Survey08072015,Anonymous,,,50.251.194.81,0,2015-08-07 11:17:15,2015-08-07 11:33:09,1,335164519,1.209,1.209,2.209,1,5,0,0,4.509,0,4,0,0,1.653,0,5,2.052,2.052,2.935,1,5,0.83,1.151,2.389,2,26,1.224,1.224,2.352,1,2,0.867,0.867,2.865,1,USA,0.638,0.638,2.573,1,USA,1,20.376,20.376,23.204,1,10,24.821,64.293,90.005,5,20,3.578,28,33.222,3,6,39.363,39.363,42.898,1,10,27.398,31.116,31.819,3,c,45.839,45.839,50.393,1,4,143.071,302.077,390.014,3,1,,,,,,,,,,,45.558,45.558,79.791,1,15,14.79,14.79,18.972,1,3,9.168,11.691,12.558,2,6,28.813,29.354,31.204,2,35,79.564,89.727,90.001,2,c,18.161,18.812,19.538,2,4,1,47.673797607422,-122.34190368652,-1,
R_24rc2owo2OEuK8W,Survey08072015,Anonymous,,,54.171.75.163,0,2015-08-07 11:08:13,2015-08-07 11:35:37,1,415427415,41.291,41.291,43.1,1,5,0,0,9.402,0,4,0,0,4.693,0,4,0,0,5.364,0,4,1.635,1.635,6.309,1,28,1.175,1.175,2.078,1,1,1.603,1.603,7.416,1,India,1.909,1.909,6.628,1,India,1,13.567,13.567,28.508,1,1,19.79,19.79,34.823,1,1,14.819,15.246,23.974,2,2,12.916,12.916,19.217,1,1,55.903,55.903,73.913,1,a,50.85,50.85,53.028,1,2,185.931,335.994,390.023,4,1,,,,,,,,,,,52.375,52.375,67.361,1,18,10.37,10.37,45.84,1,5,24.723,24.723,28.883,1,8,23.857,23.857,74.163,1,21,55.631,55.631,62.169,1,a,47.825,47.825,50.37,1,3,1,53.333099365234,-6.2489013671875,-1,
R_3kAq8fbz9pb4BQZ,Survey08072015,Anonymous,,,74.138.49.147,0,2015-08-07 11:37:10,2015-08-07 11:42:04,1,394932332,2.012,2.012,3.87,1,3,4.217,4.217,9.659,1,1,0,0,4.282,0,2,0,0,4.266,0,2,1.404,1.404,3.984,1,54,1.109,1.109,2.235,1,2,1.252,1.252,4.322,1,usa,5.32,5.32,7.94,1,usa,1,10.172,10.172,21.188,1,3,5.793,5.793,9.114,1,1,10.903,10.903,16.633,1,1,8.313,8.313,14.275,1,5,34.016,34.016,39.421,1,a,33.246,33.246,34.605,1,3,,,,,,,,,,,0,0,1.454,0,1,7.583,7.583,9.78,1,3,5.159,10.535,12.855,2,1,8.942,8.942,13.234,1,2,5.126,12.219,13.321,2,3,18.054,18.054,22.838,1,b,15.432,15.432,16.886,1,3,1,39.002304077148,-84.656898498535,-1,
R_2TTzvovh8iBnr0I,Survey08072015,Anonymous,,,71.90.43.25,0,2015-08-07 11:37:10,2015-08-07 11:43:23,1,547512064,4.016,4.016,6.247,1,2,0,0,6.716,0,1,5.01,5.01,7.163,1,5,0,0,4.498,0,5,7.527,7.527,9.894,1,51,0,0,6.797,0,1,0,0,3.816,0,USA,0,0,3.762,0,USA,1,24.606,24.606,34.875,1,25,33.549,33.549,41.203,1,15,6.221,6.221,7.933,1,8,7.879,7.879,9.915,1,15,33.184,33.184,36.122,1,c,33.832,33.832,35.476,1,3,,,,,,,,,,,0,0,3.741,0,1,12.478,12.478,25.133,1,24,12.644,12.644,16.761,1,12,16.761,16.761,19.569,1,8,7.777,7.777,10.36,1,21,15.991,15.991,27.43,1,b,8.239,12.943,14.421,2,3,1,43.133102416992,-89.349098205566,-1,
R_2riM8gWAw10D843,Survey08072015,Anonymous,,,89.205.46.114,0,2015-08-07 11:30:32,2015-08-07 11:44:42,1,510020712,5.051,5.051,7.376,1,5,0,0,14.112,0,3,5.493,5.493,7.718,1,5,0,0,6.956,0,3,1.223,1.391,60.7,2,36,21.457,21.457,28.447,1,1,1.671,1.671,9.278,1,Macedonia,1.507,1.507,9.915,1,Macedonia,1,71.832,71.832,79.665,1,2,67.126,67.126,74.755,1,10,44.873,46.849,48.658,2,6,20.024,20.892,27.811,2,10,80.747,80.747,83.553,1,c,63.906,63.906,86.844,1,3,,,,,,,,,,,0,0,3.742,0,1,26.989,27.429,29.351,2,15,16.828,16.828,27.888,1,3,22.778,22.778,24.565,1,6,34.03,34.03,43.439,1,35,81.187,81.187,84.475,1,b,21.444,21.444,23.318,1,4,1,41.996505737305,21.431396484375,-1,
R_2cikDj2POxDhQ9K,Survey08072015,Anonymous,,,132.178.160.153,0,2015-08-07 11:34:56,2015-08-07 11:45:24,1,249599700,1.208,1.208,1.824,1,7,0,0,2.683,0,4,1.368,1.368,2.701,1,5,2.126,2.126,2.348,1,5,0.677,1.981,2.245,3,30,0.533,1.061,1.331,2,1,0.666,2.355,2.607,2,USA,0.677,0.677,3.41,1,USA,1,0.956,16.461,16.666,5,120,0.992,0.992,9.018,1,20,0.795,1.395,5.031,2,12,0.632,0.632,3.68,1,20,36.875,37.076,38.347,2,b,13.361,13.361,14.21,1,5,0,0,390.209,0,1,,,,,,,,,,,22.041,22.041,34.172,1,360,1.434,1.434,5.767,1,3,0.91,4.094,4.408,4,12,0.938,13.516,15.442,4,840,28.568,28.88,34.029,2,A,21.798,21.798,22.616,1,5,1,43.459899902344,-116.2440032959,-1,
R_pS0reGOBmykopHP,Survey08072015,Anonymous,,,72.197.152.11,0,2015-08-07 11:37:00,2015-08-07 11:48:35,1,860782678,2.841,5.613,6.781,3,3,0,0,6.853,0,3,0,0,4.406,0,5,0,0,3.415,0,5,1.631,1.631,4.185,1,39,1.414,1.414,2.749,1,2,1.749,1.749,9.768,1,United States,1.849,1.849,6.648,1,United States,1,8.331,8.331,65.072,1,9,86.707,86.707,88.836,1,6,24.807,24.807,27.128,1,6,8.949,12.6,15.106,2,6,7.667,54.635,65.936,4,c,13.339,57.496,58.923,3,3,,,,,,,,,,,0,0,2.394,0,1,7.365,55.65,58.896,2,13,9.045,12.887,15.84,3,2,26.782,26.782,29.864,1,6,56.874,56.874,60.008,1,13,12.417,32.952,34.806,4,e,9.819,25.299,26.954,3,2,1,32.736801147461,-117.12770080566,-1,
R_YSv8FdPaBruYDw5,Survey08072015,Anonymous,,,96.40.171.36,0,2015-08-07 11:30:19,2015-08-07 11:58:23,1,426730454,5.849,5.849,7.474,1,3,0,0,10.736,0,1,0,0,3.153,0,4,0,0,3.683,0,5,0.99,0.99,3.573,1,33,1.152,1.152,2.367,1,1,0.906,0.906,4.078,1,USA,0.95,0.95,5.015,1,USA,1,85.835,85.835,88.403,1,12,59.336,59.336,62.896,1,7,64.005,64.005,71.684,1,6,43.288,43.288,46.143,1,12,49.404,49.404,53.888,1,C,38.515,38.515,46.095,1,5,,,,,,0,0,555.66,0,1,,,,,,370.295,370.295,373.262,1,30,44.185,44.185,46.865,1,4,45.983,45.983,48.411,1,6,24.847,24.847,27.247,1,21,56.281,56.281,61.799,1,C,16.532,16.532,19.174,1,3,1,33.754196166992,-118.20190429688,-1,
R_2OJedbPkuNeZtPF,Survey08072015,Anonymous,,,71.28.162.39,0,2015-08-07 11:48:24,2015-08-07 12:07:50,1,572312458,6.878,6.878,9.757,1,5,0,0,7.786,0,2,5.144,5.144,6.996,1,4,3.501,3.501,5.019,1,4,1.369,1.369,9.514,1,42,1.227,2.922,4.347,2,1,1.258,1.258,12.063,1,usa,3.378,3.378,7.064,1,usa,1,34.883,34.883,41.531,1,25,23.966,23.966,29.046,1,15,22.9,22.9,29.838,1,3,34.074,36.638,46.007,3,15,46.868,50.856,57.064,2,b,0,0,90.055,0,,173.55,173.55,390.216,1,1,,,,,,,,,,,34.7,34.7,40.824,1,36,17.048,17.774,21.039,2,3,48.101,54.886,55.818,3,4,42.295,42.295,45.864,1,21,76.896,76.896,81.013,1,b,15.124,15.124,19.928,1,3,1,34.477294921875,-85.15650177002,-1,
R_3p4n6lAsAqsNJLf,Survey08072015,Anonymous,,,75.251.242.106,0,2015-08-07 11:52:09,2015-08-07 12:08:44,1,510247646,19.499,22.183,23.387,3,3,0,0,4.673,0,4,0,0,4.053,0,5,0,0,3.51,0,5,1.883,1.883,4.821,1,44,1.347,1.347,2.746,1,1,1.671,6.849,10.322,2,USA,2.142,2.142,4.763,1,USA,1,13.278,18.997,26.716,2,10,2.747,2.747,22.539,1,10,1.695,13.582,19.768,2,6,4.875,4.875,41.237,1,10,16.669,50.692,52.616,5,c,24.317,68.871,78.238,5,4,,,,,,4.097,95.654,390.066,4,1,,,,,,0,0,90.016,0,,3.667,3.667,22.085,1,3,2.651,2.651,12.293,1,6,1.577,28.989,31.451,3,10,0.651,64,65.198,8,e,12.052,21.329,24.611,3,2,1,38,-97,-1,
R_8uJL8RnZl9sF1dj,Survey08072015,Anonymous,,,108.202.70.20,0,2015-08-07 11:54:16,2015-08-07 12:09:38,1,234223502,0.302,0.302,4.76,1,3,3.459,4.775,5.924,2,0,2.556,2.556,3.917,1,5,3.457,3.457,4.726,1,5,1.87,1.87,4.078,1,34,1.437,1.437,3.167,1,2,1.868,1.868,5.689,1,USA,1.719,1.719,4.584,1,USA,1,4.589,4.589,20.453,1,2,2.791,66.58699999999999,75.505,26,3,15.57,78.837,80.711,4,5,78.235,78.235,83.173,1,9,12.18,65.469,72.253,2,A,13.218,67.206,71.42,6,4,,,,,,,,,,,0,0,3.987,0,1,57.325,64.37100000000001,68.521,2,10,40.113,40.113,41.836,1,3,36.924,36.924,52.219,1,5,77.369,77.369,79.449,1,12,56.256,56.256,59.167,1,B,69.409,69.409,72.742,1,3,1,33.982894897461,-84.324203491211,-1,
R_3koWDT0iZ2lcpvC,Survey08072015,Anonymous,,,70.184.112.46,0,2015-08-07 12:01:38,2015-08-07 12:12:38,1,338952101,1.586,3.184,3.73,2,6,0,0,5.37,0,4,0,0,12.208,0,5,0,0,19.514,0,4,0.983,0.983,3.304,1,25,1.557,1.557,2.713,1,2,1.118,1.118,11.255,1,United States of America,1.281,1.281,11.069,1,United States of America,1,62.08,63.395,69.926,2,10,66.532,66.532,69.291,1,6,32.068,32.563,34.991,2,6,0,0,90.021,0,,45.072,45.072,54.878,1,e,47.573,47.573,49.247,1,4,,,,,,,,,,,0,0,1.557,0,1,1.51,1.51,20.619,1,12,3.52,3.52,26.888,1,3,2.056,2.056,32.587,1,6,5.708,5.708,10.596,1,21,33.674,40.117,41.614,2,b,38.39,39.853,41.966,2,3,1,33.361999511719,-111.75170135498,-1,
R_qRby2K4FcBkQ6M9,Survey08072015,Anonymous,,,68.200.50.116,0,2015-08-07 12:01:24,2015-08-07 12:15:46,1,775229442,3.486,3.486,6.229,1,5,0,0,9.1,0,4,0,0,4.373,0,4,0,0,3.792,0,4,1.81,1.81,4.339,1,53,0.833,0.833,1.592,1,1,0.955,0.955,5.818,1,usa,1.398,1.398,6.309,1,usa,1,25.725,25.725,36.42,1,10,44.454,44.454,58.538,1,60,73.501,73.501,86.717,1,25,42.307,42.307,64.892,1,12,49.474,49.474,56.685,1,c,60.963,60.963,67.115,1,4,,,,,,,,,,,0,0,10.003,0,1,52.729,52.729,64.071,1,15,26.701,26.701,46.566,1,3,35.18,35.18,42.128,1,6,68.09,68.09,73.902,1,840,70.756,70.756,75.207,1,e,81.946,81.946,85.239,1,4,1,28.009796142578,-81.933700561523,-1,
R_poWAN3ntsdeczT3,Survey08072015,Anonymous,,,204.29.196.3,0,2015-08-07 12:03:15,2015-08-07 12:16:13,1,222930962,2.212,2.212,3.554,1,6,6.186,6.856,9.675,2,4,0,0,3.597,0,5,0,0,2.49,0,4,1.122,1.122,3.195,1,41,0.767,0.767,1.645,1,1,0.897,0.897,4.045,1,USA,7.064,7.064,10.097,1,USA,1,12.543,37.426,37.742,2,20,22.033,22.033,23.953,1,15,19.951,19.951,22.231,1,12,14.038,14.038,17.47,1,15,72.125,72.125,75.161,1,E,23.76,23.76,24.958,1,2,,,,,,0,0,390.057,0,1,,,,,,13.232,13.232,16.224,1,180,23.013,23.013,25.019,1,6,8.632,8.632,15.458,1,12,29.056,29.705,32.017,2,210,12.695,13.452,15.725,2,b,8.223,9.347,9.605,2,1,1,39.264205932617,-76.589401245117,-1,
R_2DUpF9WGNfvgjRj,Survey08072015,Anonymous,,,74.79.194.199,0,2015-08-07 12:11:54,2015-08-07 12:27:00,1,431805742,1.388,3.122,4.638,2,5,5.845,5.845,8.555,1,4,1.377,1.377,3.404,1,5,1.9,1.9,3.661,1,5,1.295,1.295,3.932,1,59,0.905,2.777,3.138,3,1,1.207,1.207,11.485,1,USA,1.113,1.113,4.704,1,USA,1,9.887,37.435,38.384,3,10,3.523,25.216,26.147,3,10,1.698,18.312,23.322,2,10,2.2,23.785,24.717,3,10,1.266,43.998,44.858,4,c,1.383,11.337,12.19,4,4,2.16,388.773,390.038,15,1,,,,,,,,,,,17.113,37.695,38.715,4,11,30.483,38.769,39.731,3,6,2.313,46.837,49.465,3,24,1.993,51.65,52.473,3,42,0.759,58.367,64.142,3,e,1.375,35.735,36.579,4,5,1,43.10920715332,-74.864196777344,-1,
R_VJtHiUjK866zg65,Survey08072015,Anonymous,,,70.176.35.139,0,2015-08-07 12:13:35,2015-08-07 12:30:02,1,224898286,2.51,2.51,4.617,1,6,0,0,10.429,0,3,0,0,4.524,0,5,0,0,8.872,0,5,1.282,1.282,3.829,1,52,1.024,1.024,2.353,1,2,1.474,1.474,10.349,1,USA,1.451,1.451,6.149,1,USA,1,3.094,5.504,17.281,2,2,2.61,2.61,10.467,1,1,1.588,1.588,15.742,1,1,1.668,1.668,17.154,1,1,55.921,59.209,60.798,2,a,47.721,47.721,49.635,1,3,0,0,390.031,0,1,,,,,,,,,,,39.012,41.333,79.959,2,48,5.464,23.819,27.908,2,4,2.258,2.258,43.788,1,8,1.216,18.744,21.431,2,72,41.826,41.826,45.855,1,e,43.422,43.422,45.004,1,4,1,33.397201538086,-111.78579711914,-1,
R_sEZPS1tnJlAFEY1,Survey08072015,Anonymous,,,117.201.35.88,0,2015-08-07 12:06:52,2015-08-07 12:30:40,1,497226910,0.252,2.367,4.439,2,6,0,0,9.522,0,4,0,0,3.768,0,5,3.125,3.125,3.723,1,5,1.916,1.932,4.438,2,32,1.454,1.454,2.428,1,1,1.863,1.863,6.607,1,India,1.496,1.496,5.264,1,USA,1,71.087,71.145,85.69,3,1,56.051,56.098,61.205,2,2,43.116,43.116,45.12,1,2,22.919,22.919,33.975,1,3,88.616,88.616,90.005,1,,0,0,90.019,0,,,,,,,0,0,390.01,0,1,,,,,,79.391,79.391,88.75,1,30,65.196,65.196,68.762,1,15,59.752,59.752,62.577,1,6,52.88,52.88,56.296,1,120,0,0,90.002,0,,53.26,53.26,68.759,1,3,1,10.804992675781,78.685607910156,-1,
R_Ut1EPqrVnvcZ4B3,Survey08072015,Anonymous,,,173.58.174.22,0,2015-08-07 12:23:58,2015-08-07 12:37:13,1,649246017,4.108,5.105,5.393,2,3,0,0,15.013,0,4,1.709,2.172,3.588,3,5,0,0,2.934,0,5,0.933,0.933,2.698,1,26,0.824,0.824,1.437,1,1,0.869,0.869,3.205,1,usa,3.672,3.672,6.099,1,usa,1,12.044,53.35,56.06,3,11,1.615,1.615,89.382,1,11,7.872,7.872,9.496,1,7,1.022,1.901,19.086,3,6,24.663,25.006,42.686,2,b,21.659,21.659,22.63,1,4,,,,,,5.948,5.948,390.101,1,1,,,,,,11.17,17.101,21.455,3,12,3.654,4.425,6.656,5,4,24.187,24.422,25.945,2,5,10.207,10.207,17.553,1,3,17.369,19.641,19.987,2,e,2.587,2.587,3.407,1,3,1,34.048599243164,-117.01429748535,-1,
R_XyOP6DVoN8nOKid,Survey08072015,Anonymous,,,70.189.34.122,0,2015-08-07 12:30:42,2015-08-07 12:40:26,1,346509942,3.595,3.595,5.351,1,2,2.766,2.766,11.503,1,2,0,0,4.651,0,4,0,0,3.378,0,4,1.152,1.152,3.63,1,30,0.89,0.89,1.634,1,1,1.067,1.067,7.479,1,United States,1.525,1.525,9.429,1,United States,1,40.977,40.977,45.133,1,10,25.672,26.121,33.943,2,15,26.066,26.066,27.958,1,8,17.399,17.399,20.614,1,15,45.4,45.4,49.177,1,c,66.713,66.713,68.217,1,3,,,,,,,,,,,0,0,1.699,0,1,9.465,9.465,20.429,1,12,14.905,17.464,19.602,2,6,23.504,23.504,26.325,1,16,18.621,18.621,25.024,1,42,48.175,48.175,51.512,1,e,34.535,34.535,36.388,1,3,1,29.957901000977,-91.872100830078,-1,
R_2PvPEHebf0swMeP,Survey08072015,Anonymous,,,107.214.208.205,0,2015-08-07 12:33:16,2015-08-07 12:50:03,1,181024437,0.936,0.936,1.93,1,5,0,0,2.857,0,4,0,0,2.455,0,5,0,0,15.08,0,4,1.193,1.193,2.342,1,39,0.81,0.81,1.32,1,1,0.726,0.726,1.978,1,UAS,0.949,0.949,2.296,1,USA,1,39.23,39.23,41.65,1,25,46.71,53.039,59.237,2,15,49.592,49.592,53.365,1,8,21.731,21.731,28.816,1,15,62.464,66.365,67.369,2,c,41.579,41.579,44.176,1,4,,,,,,65.668,65.668,390.02,1,1,,,,,,43.484,43.484,46.716,1,360,14.904,14.904,17.189,1,3,10.435,10.435,12.036,1,12,51.266,51.266,55.461,1,840,87.008,87.008,89.96,1,a,49.109,49.109,50.187,1,2,1,34.126800537109,-84.573997497559,-1,
R_24yrHHGs4vx6nst,Survey08072015,Anonymous,,,54.148.44.119,0,2015-08-07 12:34:25,2015-08-07 12:52:04,1,552506196,47.802,47.802,48.874,1,4,0,0,4.718,0,5,0,0,2.507,0,5,0,0,6.13,0,4,1.344,1.344,3.619,1,39,1.134,1.134,2.015,1,2,1.435,2.286,6.129,2,united states,1.843,1.843,5.762,1,united states,1,7.89,7.89,10.467,1,10,2.89,2.89,10.004,1,15,1.313,1.313,7.281,1,8,1.632,1.632,8.389,1,15,69.21,76.521,77.784,2,c,30.335,84.39,87.026,4,4,,,,,,,,,,,0,0,2.025,0,1,79.159,89.076,90.002,4,12,1.756,1.756,16.723,1,6,3.772,39.029,90.84,9,,3.525,3.525,9.973,1,21,27.769,27.769,31.792,1,d,15.006,15.771,16.741,2,3,1,45.839904785156,-119.70059967041,-1,
R_1HhJ0mYYh3yoDoD,Survey08072015,Anonymous,,,71.75.207.94,0,2015-08-07 13:04:04,2015-08-07 13:21:55,1,349825371,2.931,2.931,4.642,1,3,0,0,4.396,0,3,0,0,3.709,0,5,0,0,2.297,0,5,1.047,1.047,2.188,1,32,0.945,1.533,1.967,2,2,1.269,1.269,2.702,1,usa,1.395,1.395,3.079,1,usa,1,9.4,42.124,42.841,3,16,7.325,43.225,46.054,3,15,13.596,44.932,46.073,2,8,57.191,59.75,62.719,2,15,76.799,76.799,80.796,1,c,76.856,76.856,78.013,1,2,,,,,,0,0,390.007,0,1,,,,,,24.93,24.93,32.131,1,30,23.755,23.755,32.797,1,6,1.91,11.742,13.632,2,12,1.583,19.055,21.7,2,210,79.739,79.739,82.521,1,c,64.632,85.46,86.591,2,4,1,35.882598876953,-80.896697998047,-1,
R_xoyUnafqTzdxt6N,Survey08072015,Anonymous,,,107.137.248.67,0,2015-08-07 13:06:53,2015-08-07 13:22:40,1,324726830,4.079,4.079,5.443,1,5,0,0,4.069,0,3,0,0,2.506,0,5,0,0,2.042,0,5,1.167,3.108,3.591,2,26,0.743,0.743,1.379,1,2,0.841,0.841,6.705,1,United States,1.019,4.384,5.464,4,United States,1,42.524,42.524,45.745,1,10,11.706,11.706,14.722,1,5,14.891,14.891,16.998,1,6,9.474,22.084,39.175,2,5,27.439,27.439,43.76,1,e,34.573,46.341,48.317,3,4,,,,,,0,0,390.036,0,1,,,,,,12.374,30.602,33.813,3,30,9.21,35.113,36.998,3,3,9.665,18.289,19.109,2,12,17.124,55.493,58.987,6,70,51.396,54.306,58.209,2,e,17.085,51.044,52.186,4,5,1,34.061599731445,-118.08180236816,-1,
R_3NKihLKnyZIVLy7,Survey08072015,Anonymous,,,54.174.77.195,0,2015-08-07 13:14:53,2015-08-07 13:31:23,1,646209088,2.072,2.072,4.021,1,4,0,0,6.196,0,1,0,0,10.858,0,5,0,0,4.724,0,4,0,0,4.888,0,29,0,0,4.18,0,2,0,0,2.601,0,US,0,0,2.524,0,US,1,6.954,22.312,30.756,2,20,9.223,9.223,11.579,1,15,0,0,23.787,0,8,0,0,13.266,0,15,54.531,54.531,59.942,1,c,33.375,33.375,35.947,1,4,,,,,,16.802,59.189,390.028,8,1,,,,,,20.247,52.429,71.702,3,30,11.039,66.678,75.55,3,18,29.964,33.957,40.552,2,12,47.265,48.616,52.487,2,210,23.61,24.981,28.975,2,e,24.621,24.621,25.851,1,4,1,39.043701171875,-77.487503051758,-1,
R_TnFxBT7v0mKA0rT,Survey08072015,Anonymous,,,209.194.199.2,0,2015-08-07 13:29:52,2015-08-07 13:43:03,1,946022972,2.027,2.027,2.929,1,4,0,0,3.32,0,4,0,0,4.96,0,4,0,0,3.586,0,5,1.19,1.19,2.889,1,33,0.869,0.869,1.76,1,2,1,1,4.538,1,United States,1.195,1.195,5.739,1,United States,1,73.112,73.409,75.905,2,10,1.867,1.867,39.34,1,15,6.112,6.112,90.008,1,7,48.056,48.056,90.008,1,9,0,0,90.009,0,,70.143,70.143,71.014,1,2,,,,,,,,,,,0,0,1.31,0,1,38.81,38.81,41.056,1,15,26.377,26.377,28.876,1,3,27.218,27.218,30.498,1,6,15.879,15.879,17.881,1,21,68.032,68.032,79.264,1,a,59.122,59.122,61.331,1,3,1,43.352294921875,-73.689796447754,-1,
R_27W4D82dhcaLTeP,Survey08072015,Anonymous,,,54.174.77.195,0,2015-08-07 13:32:09,2015-08-07 13:49:15,1,837597222,0,0,41.673,0,5,3.844,4.395,7.502,2,3,1.698,3.656,5.626,2,5,1.383,1.383,2.828,1,5,1.094,1.094,2.571,1,29,0,0,2.513,0,1,0,0,11.607,0,USA,0,0,2.185,0,USA,1,7.041,7.041,53.146,1,10,3.854,3.854,46.761,1,10,2.765,2.765,16.093,1,6,3.014,3.014,39.234,1,8,0,0,90.006,0,,17.743,17.743,18.224,1,1,,,,,,323.913,385.55,390.825,3,1,,,,,,5.653,5.653,72.876,1,30,13.904,13.904,19.912,1,3,23.864,23.864,27.34,1,3,15.791,15.791,17.287,1,30,52.207,52.207,54.13,1,d,64.212,65.169,66.229,2,3,1,39.043701171875,-77.487503051758,-1,
R_8wYwL0YKByuWdRX,Survey08072015,Anonymous,,,184.53.50.69,0,2015-08-07 13:28:13,2015-08-07 13:49:49,1,818883085,30.104,30.104,33.576,1,3,271.081,271.081,272.007,1,2,5.175,5.175,5.83,1,5,26.451,26.451,27.328,1,5,2.72,2.72,5.671,1,25,196.284,196.284,197.156,1,2,1.737,1.737,4.842,1,USA,1.368,1.368,4.576,1,USA,1,4.95,4.95,11.227,1,10,4.315,4.315,8.939,1,15,3.872,3.872,6.946,1,8,3.523,3.523,6.923,1,15,0.071,0.071,14.743,1,D,7.704,7.704,8.953,1,2,248.494,266.648,390.04,2,1,,,,,,,,,,,0,0,92.573,0,,0.211,0.211,23.038,1,3,17.543,17.543,21.926,1,8,3.162,3.162,8.014,1,21,5.914,5.914,7.844,1,C,7.295,7.295,8.263,1,5,1,38,-97,-1,
R_1C7ttShcmqG08O1,Survey08072015,Anonymous,,,71.189.184.95,0,2015-08-07 13:35:31,2015-08-07 13:53:49,1,777321416,4.552,4.552,5.982,1,3,0,0,5.421,0,1,0,0,3.354,0,5,0,0,3.997,0,5,1.356,1.356,3.449,1,31,0.758,0.758,1.53,1,1,1.102,1.805,4.584,2,USA,1.421,1.421,4.371,1,USA,1,28.031,28.031,50.025,1,10,23.857,43.945,46.186,2,6,20.488,20.488,27.871,1,6,50.775,51.245,53.526,2,10,38.051,38.051,39.913,1,a,76.497,76.497,77.462,1,3,21.706,23.563,390.009,2,1,,,,,,,,,,,22.858,30.848,33.099,2,5,55.88,55.88,61.544,1,3,43.226,43.226,45.27,1,6,39.753,105.591,116.399,2,7,40.299,40.299,42.943,1,e,52.574,52.574,54.038,1,2,1,34.039001464844,-117.75479888916,-1,
R_TnoYepaNQSjeZbz,Survey08072015,Anonymous,,,174.59.122.139,0,2015-08-07 13:41:15,2015-08-07 13:55:46,1,505992072,1.727,1.727,2.535,1,5,0,0,3.46,0,5,0,0,2.102,0,5,1.461,1.461,2.535,1,5,1.209,1.209,2.341,1,24,0.723,0.723,1.391,1,1,0.809,0.809,2.44,1,usa,0.705,0.705,1.764,1,usa,1,2.454,2.454,36.337,1,20,1.857,11.926,66.85,3,60,1.355,2.516,8.443,3,12,0.951,0.951,66.022,1,60,21.086,21.374,35.351,2,c,26.278,33.111,33.491,3,4,,,,,,0,0,390.025,0,1,,,,,,5.602,5.602,29.039,1,15,0.881,0.881,20.281,1,3,2.929,2.929,10.322,1,6,2.278,2.278,36.298,1,35,45.573,80.009,83.146,2,e,19.203,19.203,20.249,1,4,1,40.784896850586,-77.84700012207,-1,
R_3QFfd1cEibXt2Mi,Survey08072015,Anonymous,,,71.199.185.192,0,2015-08-07 13:39:39,2015-08-07 13:59:48,1,754562371,4.387,4.387,5.992,1,4,0,0,12.679,0,3,0,0,3.642,0,5,0,0,3.473,0,5,1.521,1.521,3.286,1,35,1.385,1.385,2.268,1,2,1.592,1.592,5.78,1,USA,2.253,2.253,4.464,1,USA,1,34.271,34.271,40.187,1,10,44.639,44.639,54.681,1,15,22.687,22.687,43.844,1,8,10.056,10.056,15.773,1,15,68.154,68.154,74.491,1,a,80.623,80.623,85.876,1,5,0,0,390.019,0,1,,,,,,,,,,,47.559,47.559,65.67,1,30,44.973,44.973,49.697,1,6,25.828,25.828,29.55,1,12,68.034,69.507,74.657,3,210,0,0,90.01,0,,78.147,80.368,81.065,2,4,1,33.520904541016,-84.323799133301,-1,
R_1CmbuNWEG5zJw9a,Survey08072015,Anonymous,,,50.53.131.81,0,2015-08-07 13:53:59,2015-08-07 14:04:11,1,509157038,1.372,2.476,2.865,2,4,2.141,2.141,2.419,1,5,1.085,2.078,2.482,2,5,0.809,2.676,3.64,4,5,0.902,0.902,3.435,1,23,0.513,1.137,1.404,2,1,0.544,0.544,2.678,1,USA,0.454,1.76,2.861,5,USA,1,0.965,18.377,19.639,2,25,1.41,1.41,4.953,1,9,0.783,18.139,19.913,6,17,1.07,1.07,8.578,1,3,2.163,2.163,23.584,1,b,6.982,13.1,15.332,7,3,,,,,,0,0,390.845,0,1,,,,,,27.652,35.949,42.338,4,35,1.002,10.573,20.375,3,5,1.042,1.042,5.421,1,8,0.899,0.899,3.401,1,20,3.145,3.561,6.888,2,d,10.109,10.109,11.249,1,3,1,45.194900512695,-123.24659729004,-1,
R_ebUHyIZCgNymhzP,Survey08072015,Anonymous,,,182.65.65.122,0,2015-08-07 14:11:23,2015-08-07 14:19:59,1,171596747,2.049,2.049,3.17,1,6,5.561,5.561,5.854,1,3,0,0,3.385,0,5,0,0,2.505,0,5,0.98,0.98,2.682,1,36,0.839,0.839,1.623,1,1,0.945,0.945,4.658,1,India,0.939,2.163,5.468,4,India,1,8.926,8.926,26.768,1,1,1.302,1.302,31.305,1,3,1.096,1.096,39.688,1,6,20.922,20.922,43.744,1,5,47.033,47.033,50.607,1,a,36.924,36.924,38.836,1,4,,,,,,,,,,,0,0,1.478,0,1,28.574,28.574,31.121,1,12,2.069,2.684,16.458,2,3,1.045,1.045,21.054,1,6,3.658,3.658,36.431,1,21,34.774,34.774,37.803,1,b,46.569,46.569,48.004,1,2,1,13.083297729492,80.283294677734,-1,
R_12wZWgwqYe93csQ,Survey08072015,Anonymous,,,209.23.188.162,0,2015-08-07 14:27:53,2015-08-07 14:34:29,1,960742977,1.771,1.771,2.71,1,5,0,0,9.898,0,3,0,0,4.018,0,4,0,0,2.81,0,4,0.821,0.821,2.97,1,31,1.332,1.332,2.249,1,2,1.093,1.093,3.305,1,USA,0.97,0.97,2.943,1,USA,1,4.138,20.509,20.827,2,10,25.169,25.169,27.197,1,8,11.104,11.272,13.294,2,6,3.48,3.48,5.676,1,8,40.117,40.117,42.266,1,b,37.266,37.266,38.407,1,4,,,,,,,,,,,0,0,2.182,0,1,22.57,22.57,24.478,1,15,17.656,17.656,19.725,1,3,13.025,14.729,17.166,3,6,2.621,76.991,78.844,2,21,25.653,25.653,28.314,1,d,12.035,12.035,12.793,1,3,1,44.964492797852,-93.261703491211,-1,
R_1ePEPLNWxbCANn2,Survey08072015,Anonymous,,,76.127.229.138,0,2015-08-07 14:27:20,2015-08-07 14:41:31,1,399473802,12.949,12.949,14.55,1,6,0,0,4.466,0,2,1.908,1.908,3.84,1,5,0,0,2.247,0,5,0.83,1.064,3.642,2,36,0.82,1.218,2.377,2,2,0.571,0.571,3.231,1,US,1.291,1.291,3.525,1,US,1,1.493,19.734,30.453,3,10,1.779,42.655,44.8,3,8,7.655,43.67,46.53,7,9,3.061,3.061,19.78,1,8,26.735,26.735,30.814,1,e,22.958,22.958,23.994,1,4,260.963,260.963,390.02,1,1,,,,,,,,,,,1.648,1.648,30.837,1,21,6.712,6.712,22.729,1,6,4.499,4.499,22.351,1,10,1.356,30.814,31.222,4,12,7.84,10.07,14.607,3,e,82.39,82.756,85.081,2,3,1,42.22380065918,-72.640899658203,-1,
R_1F9g1MZhzmo9xs1,Survey08072015,Anonymous,,,24.181.89.70,0,2015-08-07 14:30:57,2015-08-07 14:41:48,1,511246173,2.778,4.091,4.563,2,4,0,0,6.727,0,3,0,0,2.92,0,5,0,0,2.805,0,5,1.149,1.149,4.1,1,41,3.526,3.526,5.048,1,2,13.939,13.939,18.313,1,USA,1.763,1.763,5.921,1,USA,1,39.545,39.545,42.724,1,10,36.826,48.349,53.776,4,3,51.981,51.981,54.587,1,5,48.932,48.932,51.62,1,7,28.198,28.198,30.644,1,a,42.844,42.844,44.408,1,5,,,,,,,,,,,0,0,1.975,0,1,44.583,44.583,51.188,1,18,30.313,30.313,33.131,1,3,1.725,1.725,32.389,1,6,1.782,1.782,31.821,1,21,48.064,48.064,53.522,1,b,85.169,85.169,86.663,1,2,1,34.606506347656,-87.007797241211,-1,
R_1F8PMhBsylNK4p4,Survey08072015,Anonymous,,,108.15.198.18,0,2015-08-07 14:49:00,2015-08-07 15:01:19,1,207067575,2.531,2.531,4.743,1,3,6.377,10.673,11.088,2,2,2.182,3.705,4.083,3,4,2.932,2.932,3.94,1,5,2.213,2.213,4.316,1,46,2.131,2.131,3.497,1,1,2.402,4.856,5.226,2,USA,1.944,4.8,5.25,3,USA,1,7.5,7.5,9.188,1,2,6.122,6.879,9.226,2,2,1.453,15.034,16.781,4,3,2.387,2.939,12.598,2,3,23.928,24.939,26.751,3,a,21.564,21.564,22.871,1,4,167.972,367.793,390.032,27,1,,,,,,,,,,,14.518,14.518,17.101,1,30,4.056,20.811,25.392,3,6,5.806,9.809,12.286,4,8,7.394,7.866,10.926,2,21,45.476,49.932,50.39,5,a,5.582,13.198,15.752,5,3,1,37.103500366211,-80.420700073242,-1,
R_D7EMyRXzokaQGaJ,Survey08072015,Anonymous,,,108.77.226.33,0,2015-08-07 14:53:26,2015-08-07 15:07:37,1,701457351,3.295,3.295,4.554,1,4,2.655,3.072,5.638,2,3,1.796,1.796,3.62,1,5,0,0,2.185,0,5,0.924,0.924,4.16,1,23,0.956,0.956,1.734,1,2,0.866,0.866,4.231,1,Australia,0.778,0.778,3.161,1,USA,1,5.177,19.076,25.714,2,10,0.957,0.957,34.954,1,10,19.839,19.839,23.093,1,6,8.477,9.51,11.615,3,10,26.652,30.468,30.807,2,d,32.316,32.316,33.169,1,2,0,0,390.171,0,1,,,,,,,,,,,28.578,28.578,86.304,1,15,9.674,9.674,15.603,1,3,10.547,10.547,12.502,1,6,5.112,5.112,34.699,1,70,35.528,35.528,38.24,1,c,47.227,47.227,48.267,1,3,1,34.147003173828,-118.13919830322,-1,
R_T5UUE2GzGhldi0N,Survey08072015,Anonymous,,,54.148.44.119,0,2015-08-07 15:21:34,2015-08-07 15:38:32,1,546325025,12.146,12.146,13.234,1,5,0,0,5.776,0,3,0,0,2.755,0,5,0,0,3.142,0,5,0.762,0.762,3.456,1,31,1.517,1.517,3.004,1,1,0.964,0.964,5.146,1,us,1.14,1.14,4.393,1,us,1,63.139,63.139,65.994,1,10,3.974,65.182,68.672,2,5,3.216,3.216,50.906,1,6,87.477,87.477,89.767,1,8,86.997,86.997,90.001,1,,5.932,5.932,90.001,1,,,,,,,,,,,,0,0,1.676,0,1,6.292,37.524,77.907,2,15,4.278,45.742,65.808,3,3,3.824,3.824,22.337,1,6,2.337,83.953,99.847,2,14,80.407,80.407,85.653,1,a,0,0,90.003,0,,1,45.839904785156,-119.70059967041,-1,
R_tExdDJWvC0EqsSd,Survey08072015,Anonymous,,,108.9.70.32,0,2015-08-07 15:48:00,2015-08-07 15:59:22,1,566511894,1.794,1.794,3.179,1,5,3.667,4.511,9.407,2,2,0,0,4.41,0,4,0,0,3.165,0,4,1.505,1.505,16.771,1,30,1.162,1.162,1.978,1,2,1.308,1.308,4.817,1,US,1.436,1.436,4.166,1,US,1,27.785,27.785,29.983,1,10,48.622,53.753,58.718,3,15,5.036,26.317,30.648,4,6,4.624,4.624,10.752,1,15,53.071,53.657,55.734,2,d,66.178,66.178,67.96,1,4,,,,,,,,,,,0,0,1.499,0,1,38.343,61.567,63.809,3,12,52.912,54.909,61.095,2,3,2.958,2.958,48.409,1,6,4.73,4.73,37.603,1,,3.5,51.786,55.503,8,b,7.563,7.988,15.528,2,,1,28.120300292969,-82.352897644043,-1,
R_2TBpJhLwKe8IR9X,Survey08072015,Anonymous,,,216.164.160.75,0,2015-08-07 16:50:20,2015-08-07 16:58:42,1,194405039,4.84,4.84,5.848,1,3,0,0,3.21,0,4,1.844,1.844,2.847,1,4,10.656,10.656,11.938,1,4,5.932,5.932,9.473,1,27,1.422,1.422,2.35,1,1,26.049,26.049,32.156,1,United States,0.724,0.724,4.594,1,United States,1,0.781,37.985,40.391,5,19,0.965,17.721,30.048,4,9,1.086,25.702,26.924,2,6,0.751,33.101,34.376,3,9,0,0,27.401,0,c,23.234,23.234,24.415,1,5,,,,,,,,,,,0,0,9.67,0,1,1.077,30.233,37.731,3,15,10.174,10.174,11.296,1,3,25.801,36.018,36.296,3,6,1.122,40.697,41.676,3,14,23.72,64.529,66.517,3,d,15.239,16.589,17.294,2,2,1,40.753005981445,-75.306198120117,-1,
R_8puG93ANn369ixn,Survey08072015,Anonymous,,,99.22.184.17,0,2015-08-07 17:28:51,2015-08-07 17:36:03,1,970686602,6.86,6.86,7.936,1,5,2.869,5.006,5.852,2,4,1.853,3.4859999999999998,4.395,3,5,1.93,1.93,2.811,1,5,0.945,0.945,3.32,1,45,0.987,0.987,1.893,1,1,71.247,71.247,73.669,1,usa,0.863,0.863,3.456,1,usa,1,1.253,18.677,23.55,4,9,1.072,49.334,53.338,3,12,2.447,16.55,18.277,2,12,1.71,12.527000000000001,14.899,2,15,27.017,27.017,29.807,1,a,16.362,16.362,17.578,1,4,,,,,,,,,,,0,0,1.623,0,1,2.144,2.144,23.355,1,30,1.829,18.779,21.216,3,9,1.617,7.957,9.916,2,12,1.159,7.649,11.948,4,21,30.779,30.779,33.95,1,e,7.232,7.232,8.254,1,3,1,42.50959777832,-82.936096191406,-1,
R_1n7V3mlvK6lTm5r,Survey08072015,Anonymous,,,98.26.10.61,0,2015-08-07 17:24:53,2015-08-07 17:40:57,1,777291606,2.221,2.221,3.058,1,5,0,0,5.415,0,2,0,0,4.049,0,4,0,0,5.442,0,5,1.483,1.483,4.042,1,32,1.24,1.24,2.026,1,2,1.073,1.073,6.807,1,United States,1.348,1.348,6.656,1,United States,1,16.294,16.294,23.479,1,2,13.124,13.124,23.911,1,15,13.441,13.441,18.475,1,8,2.593,2.593,8.362,1,15,63.5,63.5,69.929,1,d,60.886,60.886,62.328,1,3,,,,,,0,0,390.017,0,1,,,,,,27.899,27.899,38.218,1,15,28.488,28.488,30.357,1,2,27.514,27.514,33.014,1,6,30.486,33.925,38.189,2,21,67.584,67.584,69.894,1,b,55.698,55.698,57.366,1,3,1,35.889602661133,-78.92440032959,-1,
R_8ohLGRfHTZvitbz,Survey08072015,Anonymous,,,96.251.33.113,0,2015-08-07 17:30:48,2015-08-07 17:51:22,1,217232019,1.493,2.435,3.217,2,5,0,0,9.601,0,3,0,0,2.959,0,5,0,0,2.881,0,5,1.027,1.027,3.136,1,34,0.902,0.902,1.668,1,1,1.131,1.131,4.088,1,USA,1.022,1.022,3.879,1,USA,1,5.084,48.665,51.955,3,10,49.215,49.215,52.074,1,7,27.622,44.918,49.439,2,7,1.299,47.746,50.989,3,6,3.662,39.614,41.747,3,c,2.51,66.194,68.4,2,4,,,,,,10.089,19.182,390.043,4,1,,,,,,6.218,6.218,40.898,1,5,1.766,10.559,59.488,2,3,45.116,45.116,88.849,1,12,44.716,44.716,67.499,1,30,20.51,89.245,90.017,7,c,4.993,84.367,85.667,3,4,1,34.577606201172,-117.15919494629,-1,
R_0BNPyyCEmXkVtC1,Survey08072015,Anonymous,,,121.247.68.245,0,2015-08-07 17:58:59,2015-08-07 18:10:38,1,885948731,65.908,65.908,67.845,1,4,0,0,17.37,0,3,2.912,2.934,4.812,2,5,0,0,3.746,0,5,1.313,1.313,4.421,1,53,1.124,1.124,2.103,1,2,1.79,1.79,5.7,1,Germany,1.41,1.41,4.557,1,India,1,1.94,1.94,45.766,1,10,2.222,2.222,37.248,1,3,7.059,7.059,31.197,1,6,5.625,5.625,37.265,1,6,38.229,38.229,43.538,1,a,29.604,33.548,66.471,2,3,,,,,,,,,,,0,0,1.949,0,1,8.396,8.396,39.276,1,15,5.221,5.221,14.749,1,3,13.987,13.987,30.903,1,6,1.687,1.687,53.937,1,12,61.754,61.754,64.817,1,a,30.837,30.837,59.838,1,1,1,20,77,-1,
R_V1BJRPBUEDNxtYt,Survey08072015,Anonymous,,,172.248.206.137,0,2015-08-07 18:41:56,2015-08-07 18:56:29,1,544659038,6.06,6.06,8.748,1,3,0,0,16.18,0,2,0,0,8.012,0,4,0,0,5.871,0,5,20.151,20.151,21.965,1,26,0.976,0.976,1.937,1,1,0.898,0.898,2.607,1,usa,29.908,29.908,32.693,1,usa,1,1.24,15.169,18.459,2,2,0.696,0.696,16.066,1,2,0.726,11.734,14.336,2,1,0.741,10.756,12.926,2,1,16.51,20.85,56.49,4,b,14.408,48.751,49.423,2,5,118.1,118.1,390.973,1,1,,,,,,,,,,,15.654,21.825,23.27,2,3,1.021,1.021,12.356,1,1,1.582,17.599,18.136,4,1,1.946,1.946,11.088,1,1,17.477,17.477,24.827,1,c,59.961,59.961,60.824,1,1,1,33.912902832031,-118.34390258789,-1,
R_3qrKTVjpGBsnul6,Survey08072015,Anonymous,,,68.54.106.157,0,2015-08-07 19:17:47,2015-08-07 19:24:41,1,126238477,2.702,2.702,4.78,1,4,0,0,8.37,0,1,0,0,4.233,0,5,0,0,4.789,0,5,2.224,2.224,6.749,1,49,1.247,1.247,2.512,1,2,1.463,1.463,5.744,1,USA,1.36,1.36,4.517,1,USA,1,1.979,21.466,22.053,4,5,2.967,10.824,16.575,2,2,1.117,1.117,15.027,1,4,1.933,1.933,16.895,1,3,31.905,31.905,36.548,1,C,40.017,45.362,46.072,3,4,,,,,,,,,,,0,0,2.3,0,1,1.912,1.912,20.302,1,3,2.096,3.582,33.711,2,3,1.879,9.623,19.943,2,4,1.566,1.566,18.435,1,4,28.988,32.564,37.947,2,C,25.864,25.864,27.808,1,3,1,45.094604492188,-93.258201599121,-1,
R_2dSyEeUsacTU3l1,Survey08072015,Anonymous,,,98.204.102.197,0,2015-08-07 19:20:31,2015-08-07 19:33:17,1,877735283,1.407,1.407,2.484,1,5,2.632,2.632,2.895,1,2,1.215,2.012,2.941,3,5,0,0,31.261,0,5,0.81,0.81,2.618,1,28,1.571,1.571,2.135,1,1,0.961,0.961,2.287,1,USA,0.634,0.634,2.15,1,USA,1,4.674,10.326,11.253,2,10,3.716,3.716,5.409,1,15,3.438,3.438,4.758,1,8,2.685,5.919,6.837,3,15,14.053,14.497,46.784,2,c,14.899,42.079,42.408,3,3,44.741,106.702,390.01,3,1,,,,,,,,,,,89.041,89.041,90.012,1,2,1.574,1.574,16.642,1,10,3.886,3.886,8.352,1,12,3.663,3.663,4.884,1,21,7.23,7.23,48.795,1,b,4.092,4.092,9.805,1,4,1,38.886505126953,-77.096900939941,-1,
R_2EppziHXBxnN3AI,Survey08072015,Anonymous,,,54.174.77.195,0,2015-08-07 19:15:03,2015-08-07 19:37:38,1,479346070,2.124,2.124,3.752,1,5,2.974,2.974,7.308,1,4,0,0,3.064,0,5,0,0,2.88,0,5,1.291,1.291,3.826,1,39,0.999,0.999,1.965,1,1,1.202,1.202,4.37,1,USA,1.296,1.296,4.033,1,USA,1,78.18,78.18,80.919,1,10,75.804,75.804,78.902,1,6,58.411,58.411,60.497,1,6,59.994,59.994,61.739,1,6,59.724,61.964,63.652,2,b,0,0,90.002,0,,,,,,,0.037,0.037,390.028,1,1,,,,,,63.646,63.646,84.766,1,30,41.288,41.288,45.883,1,6,21.965,21.965,26.996,1,12,56.57,56.57,73.33,1,210,80.601,80.601,85.937,1,a,83.294,83.294,87,1,3,1,39.043701171875,-77.487503051758,-1,
R_xyg6BdEpzrUKEff,Survey08072015,Anonymous,,,108.19.187.57,0,2015-08-07 19:34:15,2015-08-07 19:47:17,1,773601878,3.94,3.94,5.757,1,3,6.449,6.449,8.664,1,2,0,0,4.956,0,3,3.148,3.148,6.135,1,5,1.559,1.559,4.423,1,32,1.145,1.145,2.21,1,2,1.253,1.253,4.689,1,usa,1.094,1.094,4.713,1,usa,1,30.611,30.611,33.615,1,10,2.26,2.26,71.453,1,6,1.609,38.049,43.712,2,6,1.255,1.255,20.832,1,6,58.651,58.651,62.258,1,e,59.482,64.226,77.599,2,4,,,,,,,,,,,0,0,1.783,0,1,60.787,62.603,66.266,3,15,29.561,29.561,37.376,1,3,22.663,22.663,31.957,1,6,1.655,86.735,89.653,2,15,52.05,52.05,57.322,1,a,65.683,65.683,74.613,1,2,1,33.036193847656,-96.671203613281,-1,
R_eLnehILZoMCf2o1,Survey08072015,Anonymous,,,162.224.168.174,0,2015-08-07 20:11:19,2015-08-07 20:21:14,1,909477099,5.173,5.173,6.024,1,5,0,0,7.449,0,2,0,0,2.795,0,5,0,0,47.86,0,5,1.38,1.38,4.051,1,30,0.973,0.973,1.925,1,1,1.407,1.407,4.071,1,USA,3.705,3.705,6.103,1,USA,1,55.828,55.828,58.101,1,10,35.217,35.217,37.281,1,15,28.266,28.266,30.451,1,6,34.254,34.254,36.925,1,10,63.349,63.349,66.043,1,b,44.261,44.261,45.094,1,5,,,,,,,,,,,0,0,1.465,0,1,30.948,30.948,33.38,1,15,14.614,14.614,17.47,1,3,20.093,20.093,22.189,1,6,35.891,35.891,37.939,1,16,59.907,60.659,62.394,2,a,39.826,42.347,43.14,2,4,1,26.022201538086,-80.149597167969,-1,
R_QcAgswyzajMWBwt,Survey08072015,Anonymous,,,122.174.83.238,0,2015-08-07 20:53:49,2015-08-07 21:05:17,1,848993561,2.356,6.343,7.343,3,3,3.795,3.795,11.261,1,1,0,0,7.107,0,4,0,0,5.873,0,3,1.633,1.633,5.11,1,49,1.409,1.409,2.52,1,2,1.701,1.701,6.2,1,india,1.651,1.651,6.773,1,india,1,16.582,16.582,24.019,1,2,18.059,36.883,43.374,2,3,22.637,41.531,45.498,3,2,21.275,25.092,30.519,2,1,8.465,59.421,90.005,3,,6.657,67.846,77.435,7,4,,,,,,,,,,,0,0,1.916,0,1,20.2,20.2,32.424,1,3,14.187,14.187,34.11,1,1,27.253,27.253,33.851,1,1,7.745,31.825,38.329,2,3,15.239,59.736,60.604,4,a,26.408,37.15,38.295,3,2,1,9.9333038330078,78.11669921875,-1,
R_3Gkafg5ZRQQlg4d,Survey08072015,Anonymous,,,162.224.168.174,0,2015-08-07 21:05:29,2015-08-07 21:11:36,1,204342325,1.415,1.415,2.552,1,5,0,0,3.169,0,1,0,0,2.384,0,5,0,0,2.27,0,5,1.446,1.446,3.373,1,26,0.988,0.988,1.706,1,1,1.213,1.213,3.539,1,US,0.611,0.611,2.952,1,US,1,24.918,24.918,27.357,1,10,28.587,28.587,30.06,1,6,11.011,11.011,12.673,1,6,30.735,30.735,32.464,1,6,6.968,6.968,20.321,1,a,34.696,34.696,35.473,1,5,,,,,,,,,,,0,0,1.263,0,1,19.295,19.295,22.224,1,10,23.106,23.106,24.753,1,3,12.348,12.348,14.011,1,6,35.41,35.41,37.56,1,14,32.169,32.169,33.976,1,a,31.418,31.418,32.215,1,2,1,26.022201538086,-80.149597167969,-1,
R_3hcE5iK2XPNZYTh,Survey08072015,Anonymous,,,76.177.35.197,0,2015-08-07 21:13:00,2015-08-07 21:16:36,1,263989429,4.88,4.88,6.443,1,3,13.893,13.893,14.733,1,4,0,0,2.679,0,5,0,0,2.779,0,5,1.583,1.718,3.014,2,24,0,0,4.934,0,1,1.641,1.641,4.414,1,United States,0,0,3.051,0,United States,1,2.007,6.448,11.282,3,20,10.422,10.422,18.164,1,60,1.578,1.578,13.217,1,24,2.082,2.082,7.154,1,60,21.475,21.475,23.621,1,d,10.068,10.068,11.464,1,2,,,,,,,,,,,0,0,1.694,0,1,1.731,14.886,17.458,3,720,3.227,3.227,14.475,1,3,1.316,1.316,4.82,1,24,1.391,5.49,6.199,2,60,3.212,6.363,7.054,2,d,9.512,9.512,11.026,1,4,1,38.253204345703,-84.552398681641,-1,
R_2ZDKlCbtYwDQWIc,Survey08072015,Anonymous,,,75.148.160.117,0,2015-08-07 21:25:18,2015-08-07 21:43:30,1,610318803,2.84,2.84,5.032,1,6,0,0,4.838,0,4,0,0,3.386,0,4,0,0,4.522,0,4,2.582,8.773,9.493,2,29,1.431,1.431,3.282,1,1,1.903,1.903,5.941,1,usa,2.031,2.031,6.615,1,usa,1,34.42,34.42,39.557,1,10,6.703,34.052,44.095,2,6,49.846,49.846,53.623,1,6,75.844,75.844,81.26,1,10,6.301,61.364,64.576,2,c,25.865,30.39,32.825,2,4,,,,,,0,0,390.014,0,1,,,,,,38.972,49.69,50.79,2,15,42.493,42.493,48.195,1,3,17.379,33.216,35.657,2,6,52.206,52.757,58.797,2,35,58.933,58.933,65.034,1,a,25.662,25.662,27.165,1,4,1,29.69189453125,-95.65119934082,-1,
R_tJuI4kzJqEsiFH3,Survey08072015,Anonymous,,,71.163.83.166,0,2015-08-07 21:29:23,2015-08-07 21:49:43,1,416966211,3.024,3.024,7.314,1,6,0,0,7.731,0,4,0,0,3.449,0,5,0,0,3.396,0,5,1.261,1.261,4.256,1,35,1.118,1.118,2.057,1,1,1.137,1.137,7.655,1,United States of America,1.146,1.146,7.722,1,United States of America,1,15.46,15.46,60.933,1,10,9.406,79.31,83.368,3,21,41.198,41.198,42.892,1,6,75.911,75.911,79.606,1,14,64.205,64.205,66.715,1,c,80.834,80.834,82.582,1,2,0,0,390.013,0,1,,,,,,,,,,,31.558,31.558,33.955,1,15,55.093,57.008,58.061,2,3,43.845,43.845,48.55,1,6,60.018,60.018,61.779,1,35,52.63,52.63,54.406,1,a,45.312,45.312,46.567,1,4,1,38.937606811523,-77.092796325684,-1,
R_1jDtwLVGhOtCMoU,Survey08072015,Anonymous,,,63.135.16.14,0,2015-08-07 21:37:50,2015-08-07 21:52:06,1,148001003,1.528,1.528,3.23,1,5,0,0,3.174,0,3,2.177,2.177,3.089,1,5,1.902,2.235,3.087,2,5,0.96,1.159,4.234,2,35,0.764,0.764,1.622,1,2,0.857,0.857,3.764,1,Canada,0.679,0.679,4.479,1,Canada,1,1.234,24.516,31.323,8,10,7.612,7.612,25.56,1,15,4.115,22.934,36.511,3,6,1.679,1.679,47.078,1,8,31.637,31.637,35.292,1,b,49.646,49.646,50.86,1,5,25.137,25.137,390.004,1,1,,,,,,,,,,,5.924,21.57,23.293,2,30,2.354,2.354,8.88,1,6,1.501,1.501,5.143,1,12,1.365,39.616,57.672,10,30,44.189,44.189,47.033,1,b,45.446,45.446,47.236,1,4,1,48.498504638672,-81.344802856445,-1,
R_1hLkUMKk3EutxNZ,Survey08072015,Anonymous,,,76.125.33.80,0,2015-08-07 21:43:07,2015-08-07 21:53:51,1,707231829,2.582,2.582,4.769,1,4,0,0,8.989,0,1,5.663,5.663,9.104,1,5,0,0,4.474,0,5,1.597,1.597,4.43,1,59,1.019,1.019,1.959,1,2,7.609,7.609,11.194,1,USA,1.233,1.233,4.278,1,USA,1,7.257,7.257,15.31,1,2,1.695,1.695,28.248,1,1,11.526,11.526,15.197,1,1,13.671,13.671,21.068,1,3,64.157,64.157,67.872,1,a,71.346,71.346,72.935,1,5,,,,,,,,,,,0,0,2.297,0,1,38.358,38.358,42.01,1,6,11.708,11.708,22.917,1,1,10.69,10.69,32.669,1,1,23.349,23.349,28.944,1,2,66.067,66.067,70.754,1,b,69.049,69.049,70.777,1,1,1,37.975296020508,-121.32440185547,-1,
R_25Lo6e587hFciu4,Survey08072015,Anonymous,,,98.194.76.227,0,2015-08-07 21:48:00,2015-08-07 22:08:10,1,999196913,5.477,5.477,8.385,1,3,0,0,11.141,0,4,0,0,3.903,0,5,0,0,4.345,0,5,1.6,1.6,4.66,1,54,0.98,0.98,2.024,1,1,1.307,1.307,9.638,1,United States,1.513,9.129,14.804,2,United States,1,2.113,2.113,35.531,1,20,1.346,42.845,45.53,2,9,40.609,40.609,43.462,1,6,1.042,1.042,37.09,1,6,79.821,83.132,90.002,2,c,54.444,54.444,77.508,1,5,,,,,,0,0,390.032,0,1,,,,,,24.659,24.659,78.2,1,15,36.209,36.209,55.447,1,3,9.86,9.86,20.876,1,6,0.87,35.145,66.424,2,70,70.825,70.825,90.003,1,b,77.443,77.443,90.006,1,4,1,29.032196044922,-95.469902038574,-1,
R_1r8li12qndIvwYl,Survey08072015,Anonymous,,,173.44.81.66,0,2015-08-07 22:34:01,2015-08-07 22:42:35,1,747681131,2.087,2.087,3.144,1,3,0,0,3.055,0,2,0,0,2.182,0,5,0,0,2.623,0,5,0.838,0.838,2.905,1,28,1.048,1.048,1.6,1,2,0.942,1.278,4.079,2,USA,0.854,1.343,4.652,2,USA,1,34.82,34.82,38.668,1,10,45.127,45.127,47.233,1,8,18.981,19.261,25.73,2,6,16.489,16.489,18.41,1,8,59.283,59.283,61.625,1,c,39.161,39.161,39.982,1,4,,,,,,,,,,,0,0,1.404,0,1,3.516,3.516,43.265,1,14,12.061,12.061,14.113,1,3,18.505,21.042,21.81,3,6,49.97,49.97,52.526,1,21,71.411,71.411,74.065,1,d,15.678,16.726,16.992,2,3,1,43.30290222168,-71.045997619629,-1,
R_3rZomFAhJd48XEU,Survey08072015,Anonymous,,,74.105.202.102,0,2015-08-07 23:15:38,2015-08-07 23:29:36,1,668344387,8.591,9.895,10.835,2,5,0,0,9.027,0,3,0,0,4.726,0,5,0,0,6.016,0,5,1.087,1.087,3.546,1,26,0.953,0.953,2.042,1,1,1.494,1.494,8.426,1,USA,1.329,1.329,4.077,1,USA,1,2.582,26.03,29.864,2,10,7.044,7.044,9.959,1,15,7.58,7.58,9.647,1,8,10.155,10.155,12.808,1,15,13.67,56.205,56.819,4,c,11.723,34.187,37.631,2,5,,,,,,11.156,347.57,390.025,5,1,,,,,,10.034,10.034,29.204,1,30,20.799,20.799,36.756,1,2,8.716,10.54,11.528,2,8,46.498,46.498,48.627,1,30,35.405,36.557,38.514,2,a,13.396,14.348,15.789,2,1,1,40.846099853516,-74.591400146484,-1,
R_2YsrkpNfaHPEpkE,Survey08072015,Anonymous,,,71.12.22.215,0,2015-08-07 23:51:14,2015-08-08 00:11:13,1,817291356,5.722,10.671,12.019,14,4,0,0,8.434,0,3,0,0,4.933,0,5,0,0,4.239,0,5,2.156,2.156,5.419,1,32,1.863,4.878,6.235,5,2,2.143,3.061,20.461,2,Dominican Republic,1.621,1.621,8.143,1,USA,1,15.991,25.126,29.33,5,2,10.354,27.169,28.462,5,1,22.4,26.266,27.424,4,2,7.017,24.291,26.711,3,1,2.498,61.041,62.319,21,a,3.479,69.622,71.851,11,5,10.932,380.318,390.013,107,1,,,,,,,,,,,4.042,64.063,68.577,4,30,4.412,35.392,69.807,6,3,2.21,35.409,44.775,4,6,63.107,79.873,81.037,5,21,4.549,44.529,47.096,17,a,3.187,83.239,84.895,11,3,1,34.777603149414,-82.305099487305,-1,
