"ftobama","ftblack","ftwhite","fthisp","fthrc","ftsanders","race_white","gender","presjob","econnow","birthyr"
100,100,100,100,76,84,1,1,1,2,1960
39,6,74,6,52,13,1,2,3,4,1957
1,50,50,50,1,2,1,1,7,5,1963
89,61,64,61,69,71,1,1,2,2,1980
1,61,58,71,1,13,1,1,7,4,1974
0,50,51,51,1,11,1,1,7,4,1958
73,100,70,100,60,100,1,1,2,2,1978
0,70,70,69,0,40,1,1,7,3,1951
12,50,50,50,3,31,1,1,7,4,1973
87,75,90,51,87,97,1,1,2,2,1936
32,53,52,54,6,51,1,1,7,4,1978
10,80,80,80,10,10,1,2,7,3,1943
70,88,90,90,49,90,1,1,2,2,1936
80,67,74,57,3,41,1,2,7,5,1938
4,99,99,87,1,1,1,2,7,4,1956
0,74,63,65,0,10,0,1,7,4,1984
66,63,58,54,79,77,1,1,1,2,1981
100,80,81,80,79,100,1,2,2,3,1945
0,100,95,100,0,0,1,1,7,4,1961
96,92,94,92,87,81,1,2,2,2,1958
99,95,81,100,94,61,1,2,1,1,1950
12,71,71,45,2,90,1,1,6,5,1955
75,61,51,51,65,85,1,1,3,2,1954
91,84,87,91,68,89,1,2,1,3,1945
66,39,58,53,53,69,1,1,2,3,1978
39,79,80,86,50,38,1,1,5,4,1981
1,50,50,51,0,0,1,2,7,4,1949
70,56,88,90,41,100,1,2,3,3,1944
80,64,75,45,70,99,1,2,2,2,1955
100,58,56,55,85,83,1,2,1,2,1951
100,54,51,51,92,89,1,2,1,1,1994
63,88,62,77,21,98,1,1,3,4,1950
3,51,99,20,1,1,1,1,7,4,1953
1,50,53,52,0,4,1,2,7,3,1971
69,60,63,71,77,62,1,1,2,2,1967
82,70,85,66,93,96,1,1,2,2,1945
76,81,69,67,100,1,1,2,2,2,1948
80,80,81,74,52,71,1,1,2,2,1976
10,60,60,60,7,20,1,1,7,3,1955
0,71,67,66,9,6,1,2,7,5,1957
79,67,81,85,94,56,1,1,2,3,1953
81,100,100,100,94,84,1,2,2,2,1973
5,60,55,55,10,10,1,1,7,4,1944
95,62,99,31,99,90,1,1,1,1,1956
80,95,99,99,100,100,1,1,2,3,1949
0,19,10,71,0,1,1,1,7,5,1962
13,9,100,7,98,50,1,2,7,4,1952
41,62,66,59,3,47,0,1,5,3,1972
100,97,94,100,83,100,1,2,1,2,1960
0,59,75,54,1,10,1,1,7,4,1978
62,52,72,39,98,16,1,2,4,3,1976
95,69,51,50,75,95,1,1,1,3,1977
15,41,50,50,10,21,1,1,7,4,1940
80,91,91,91,99,64,0,2,3,3,1983
2,50,59,50,3,42,1,2,7,4,1978
72,84,84,76,31,86,0,1,3,2,1978
0,41,84,40,1,4,1,1,7,4,1974
97,86,87,88,99,91,1,2,2,2,1973
10,49,100,71,2,28,1,1,6,3,1970
57,50,54,58,1,54,1,1,5,3,1977
0,100,100,100,0,0,1,1,7,5,1962
84,71,98,91,16,50,1,2,2,2,1989
95,81,71,88,78,100,1,2,1,1,1960
15,50,50,50,10,20,1,1,6,4,1968
100,100,5,100,100,100,0,1,1,1,1969
73,66,65,63,61,70,1,1,2,3,1984
24,50,37,85,54,81,0,1,6,4,1958
100,75,80,75,95,100,1,1,2,2,1936
1,51,51,45,1,3,1,1,7,4,1967
0,100,100,100,0,0,1,1,7,5,1974
32,51,50,50,2,41,1,2,6,4,1964
100,93,84,97,93,97,1,1,1,2,1959
74,22,99,48,78,100,1,1,3,4,1956
4,50,72,27,4,28,1,1,7,4,1942
53,46,47,47,61,57,1,2,2,1,1938
3,50,91,88,1,0,1,1,7,3,1953
99,75,80,85,95,86,1,2,1,2,1936
0,50,50,50,0,10,1,1,7,4,1961
1,62,62,71,0,0,1,1,7,5,1953
5,99,99,99,7,51,1,1,7,4,1961
3,70,72,72,1,30,1,2,7,5,1947
44,56,51,51,56,49,0,2,3,4,1973
100,90,90,90,100,100,0,2,1,2,1952
66,88,50,88,47,50,0,2,3,3,1964
55,60,75,71,59,92,1,1,3,4,1954
1,50,50,70,2,29,1,2,7,4,1967
70,50,50,61,12,100,1,1,2,3,1963
62,50,50,50,50,50,0,2,4,2,1986
6,75,81,0,0,62,1,2,6,4,1946
1,50,49,22,0,1,1,1,7,5,1969
80,95,90,95,60,90,1,2,2,3,1986
95,100,100,100,90,90,1,1,1,1,1956
34,100,100,50,0,10,1,2,7,4,1953
85,90,90,70,75,95,1,2,2,3,1940
95,94,96,95,60,96,1,1,2,1,1951
96,91,54,93,77,91,1,2,2,2,1973
5,99,99,75,5,4,1,2,7,4,1933
6,80,80,75,5,41,1,1,7,4,1960
100,72,71,71,100,98,1,2,2,2,1968
0,0,100,0,0,10,1,1,7,5,1943
99,92,55,71,87,99,1,1,2,1,1937
0,51,50,50,0,0,1,1,7,3,1962
100,100,100,100,100,100,1,1,1,2,1962
100,34,100,54,100,0,0,2,1,1,1944
40,50,50,50,20,42,1,1,5,2,1977
95,100,82,100,76,100,0,2,1,3,1991
13,50,50,50,10,3,1,1,7,3,1965
90,89,71,85,100,80,1,2,2,1,1943
65,50,50,50,100,70,1,1,3,2,1955
5,100,100,100,3,31,1,2,7,4,1954
0,73,73,86,3,16,1,1,7,4,1931
90,95,95,95,95,71,1,1,2,2,1953
6,2,90,17,1,3,1,1,7,4,1949
6,75,95,76,4,5,1,2,7,5,1932
87,61,64,62,71,71,1,2,2,2,1973
1,52,52,51,51,50,1,2,4,5,1973
66,60,35,55,50,55,1,1,2,2,1972
70,71,45,58,0,90,1,1,2,4,1961
60,26,74,32,55,63,1,1,3,3,1964
88,80,85,70,61,90,1,1,2,2,1952
16,41,55,40,4,21,1,2,6,3,1972
2,100,51,3,3,52,1,2,7,4,1947
1,72,70,91,3,3,0,1,7,3,1945
1,100,100,100,35,35,1,2,7,3,1963
70,50,52,50,29,61,1,1,2,3,1952
94,78,87,87,80,99,1,2,2,1,1961
39,73,75,96,100,79,1,2,5,2,1939
1,50,51,50,0,91,1,1,7,5,1937
44,78,85,82,59,74,1,1,6,3,1954
96,71,72,67,84,45,1,2,1,3,1966
86,80,45,50,46,100,0,2,2,3,1975
71,61,59,80,70,31,1,1,2,3,1957
0,50,55,51,0,59,1,1,7,4,1958
12,50,50,49,31,53,1,2,6,4,1959
95,89,81,79,91,71,0,1,2,2,1962
11,62,99,94,60,60,1,2,7,3,1941
20,50,61,50,10,10,1,2,5,4,1941
31,90,96,88,4,49,1,2,4,3,1950
50,48,45,71,1,67,0,1,6,2,1938
1,61,62,58,3,11,1,1,7,5,1960
16,50,63,70,4,41,0,1,4,2,1978
2,90,86,83,59,64,1,2,7,4,1948
100,80,100,70,100,70,1,1,1,1,1959
89,57,60,100,97,75,0,1,2,1,1961
75,75,75,100,86,67,1,2,2,2,1956
7,76,100,76,4,17,1,1,6,3,1977
89,95,45,85,71,66,0,1,2,2,1959
2,50,45,65,6,51,1,2,7,5,1955
3,15,74,9,0,2,1,1,7,3,1982
95,60,75,80,65,100,1,1,1,2,1965
9,12,50,50,4,70,1,2,7,2,1975
0,23,78,0,40,71,1,2,7,3,1964
0,1,100,2,1,0,1,1,7,2,1953
31,88,92,90,12,29,1,2,5,3,1950
1,45,96,21,0,30,1,2,7,4,1955
75,66,68,48,70,51,1,1,2,3,1972
100,95,85,75,100,95,0,1,1,2,1955
0,100,100,100,0,50,1,1,7,3,1964
0,92,95,97,0,1,1,1,7,5,1958
90,99,100,100,66,100,1,1,2,1,1953
1,70,95,60,1,1,1,2,7,4,1942
0,100,100,100,0,31,1,2,7,5,1950
95,100,100,100,100,90,0,2,2,3,1964
90,86,86,71,85,67,1,1,2,2,1946
47,48,35,92,33,50,0,2,3,2,1972
2,72,92,74,1,41,1,1,7,5,1938
0,93,85,94,0,1,1,1,7,4,1954
16,60,73,68,24,27,1,2,6,4,1954
5,50,50,50,0,55,1,1,6,4,1990
78,50,51,49,41,60,0,2,2,3,1981
0,9,100,53,0,0,1,1,7,5,1950
1,55,51,39,6,5,1,2,7,4,1980
91,87,88,85,75,86,1,2,2,2,1940
6,100,100,66,0,0,1,1,7,5,1936
97,100,55,100,61,100,0,2,1,2,1961
3,19,61,30,1,9,1,2,7,3,1986
0,51,98,51,0,12,1,1,7,4,1954
2,58,68,55,1,65,1,1,7,4,1959
25,76,76,74,12,72,1,2,6,3,1959
88,80,99,97,100,95,1,2,1,2,1968
10,51,79,50,1,10,1,1,7,5,1946
23,83,67,38,13,28,1,2,7,4,1932
0,10,95,10,0,0,1,2,7,4,1957
72,87,54,53,73,86,0,2,3,3,1955
39,51,50,51,9,30,1,1,6,3,1979
100,75,50,80,75,0,1,2,1,4,1975
88,97,70,94,42,99,1,2,2,2,1956
3,85,100,91,6,31,1,1,7,3,1973
0,50,50,70,0,2,1,2,7,5,1953
0,50,0,49,0,2,1,2,7,5,1980
79,88,64,91,88,88,1,2,1,2,1952
75,100,100,100,70,90,1,1,2,2,1974
2,70,72,72,12,5,1,2,7,4,1957
11,43,53,43,24,15,1,1,7,2,1982
4,50,50,50,3,20,0,2,7,5,1961
0,82,91,88,0,0,1,1,7,3,1925
1,2,70,2,0,1,1,1,7,5,1980
21,52,91,88,1,53,1,1,7,3,1952
71,50,50,50,35,100,1,2,2,2,1984
26,59,98,51,9,2,1,2,7,5,1960
3,87,99,57,15,22,1,1,7,4,1937
100,97,86,87,97,84,1,1,1,1,1978
87,91,80,99,95,99,1,2,2,3,1961
88,61,40,45,61,65,0,1,2,2,1954
5,50,55,52,4,4,1,2,7,4,1960
3,49,56,51,8,41,1,2,7,4,1952
59,71,71,72,85,70,0,2,2,2,1941
3,0,99,19,0,2,1,1,7,5,1941
75,83,87,77,54,77,1,2,2,2,1961
1,27,70,44,4,4,1,1,7,3,1989
13,62,98,59,4,3,1,1,7,4,1967
0,55,42,61,0,41,1,2,7,3,1962
78,79,73,80,63,76,0,1,3,2,1976
46,58,75,71,65,40,1,2,3,3,1955
0,85,85,85,0,45,1,1,7,5,1959
72,96,91,93,89,90,1,2,5,2,1956
34,70,52,80,8,33,1,2,6,4,1951
44,75,78,69,16,59,1,2,6,3,1947
5,89,87,84,4,51,1,1,7,5,1947
4,50,50,39,11,1,1,2,7,3,1984
0,100,100,100,0,16,1,2,7,5,1939
95,100,100,100,50,96,1,2,2,2,1978
17,70,70,70,30,70,1,2,6,3,1932
100,63,62,67,47,16,1,2,1,3,1973
60,99,100,98,100,30,1,2,3,3,1955
3,41,53,46,1,14,1,2,7,3,1970
26,50,51,50,0,31,1,1,7,3,1942
24,66,99,63,1,47,1,2,6,4,1960
96,72,84,68,75,92,1,2,1,2,1958
1,50,50,50,1,20,1,1,7,4,1946
95,75,88,70,80,97,1,2,1,2,1972
7,50,83,60,2,24,1,1,7,5,1972
65,53,53,52,49,61,1,2,4,3,1988
0,51,51,51,0,20,1,1,7,5,1963
0,46,60,50,0,45,1,1,7,3,1965
95,69,11,47,33,86,1,1,2,3,1988
84,87,73,85,98,44,1,1,2,1,1948
1,51,60,70,0,1,1,1,7,3,1976
64,38,17,34,79,68,0,1,4,3,1977
6,30,100,50,1,60,1,2,7,5,1954
98,58,31,52,89,53,0,2,2,1,1955
70,100,100,100,0,78,1,2,3,3,1977
82,100,100,100,49,53,1,2,2,2,1963
31,50,50,50,40,41,1,1,6,4,1983
14,14,50,30,3,22,1,2,6,3,1976
99,64,48,49,96,99,1,2,2,2,1964
100,81,78,100,98,83,1,2,1,1,1959
60,80,80,80,55,50,1,1,4,2,1977
70,44,94,50,89,67,1,1,3,3,1975
62,50,61,50,80,56,1,1,3,3,1953
0,50,80,52,0,0,1,1,7,5,1966
98,60,88,49,86,31,1,2,2,3,1956
1,82,100,75,4,12,1,1,7,3,1956
2,49,52,21,0,15,1,2,7,4,1933
96,50,50,50,94,71,1,2,2,2,1954
95,59,97,6,91,75,1,2,3,2,1939
0,100,100,100,0,0,0,1,7,5,1958
30,24,25,22,2,28,1,2,6,2,1957
73,78,79,75,59,82,1,2,2,3,1988
86,70,42,61,95,41,0,1,2,2,1954
16,50,50,50,12,16,1,1,7,4,1956
99,79,69,100,98,69,0,1,1,4,1941
5,50,51,49,3,21,1,2,7,5,1938
10,31,59,40,5,17,1,1,7,4,1936
1,51,70,2,1,2,1,1,7,4,1957
73,92,70,91,73,41,1,1,3,2,1967
98,80,90,90,90,80,0,1,1,1,1956
91,88,90,91,62,94,1,2,1,3,1933
61,85,85,85,36,91,1,1,3,2,1996
81,93,62,98,80,99,1,1,2,2,1955
98,99,98,97,67,99,1,2,1,2,1952
9,19,98,51,5,28,1,2,7,3,1975
0,50,50,50,0,30,0,1,7,3,1988
1,50,50,50,1,1,1,1,6,3,1957
100,100,99,100,100,99,0,2,1,1,1947
4,15,100,20,1,2,1,1,7,4,1959
89,69,71,70,31,100,1,2,1,2,1946
93,56,73,64,71,84,1,2,1,2,1977
0,55,55,22,1,2,0,1,7,5,1958
5,63,83,36,6,6,1,1,7,4,1956
0,89,89,75,0,51,1,2,7,3,1952
43,72,71,63,51,16,1,2,6,2,1955
97,95,75,98,88,86,1,1,1,1,1949
90,100,50,62,91,74,0,1,2,2,1954
6,50,50,50,6,69,1,1,7,5,1951
14,71,75,47,18,18,1,2,6,3,1956
44,100,100,100,100,76,0,1,3,2,1961
56,75,80,70,30,74,1,2,4,4,1943
26,46,47,11,3,49,1,2,6,4,1961
10,47,70,50,41,40,1,2,7,4,1940
51,55,53,55,65,57,0,1,2,3,1986
25,87,99,100,52,36,0,1,7,3,1980
88,76,52,81,70,75,1,2,2,3,1947
68,91,90,80,69,59,1,2,4,4,1965
0,41,85,61,0,32,1,1,7,4,1954
4,93,85,87,2,20,1,2,7,3,1961
88,86,87,82,98,97,1,2,2,3,1951
0,50,50,51,0,2,1,1,7,3,1965
81,71,70,71,52,84,1,2,2,2,1950
0,50,64,89,0,1,1,2,7,4,1964
70,67,77,99,85,96,0,2,2,1,1943
53,50,54,50,52,50,0,2,4,3,1969
1,48,69,62,1,38,1,2,7,4,1943
0,39,57,37,2,4,1,2,7,3,1957
68,100,100,100,20,6,1,2,4,3,1961
99,98,99,94,97,97,1,2,2,3,1945
0,81,49,81,0,0,0,2,7,4,1955
84,79,98,92,71,94,0,2,2,5,1963
0,50,50,51,0,0,1,1,7,3,1976
34,77,75,78,11,63,0,2,5,3,1983
2,50,50,50,1,22,1,1,7,3,1954
1,60,90,69,0,1,1,2,7,5,1926
79,66,87,50,71,17,1,2,2,1,1972
3,96,100,100,64,71,1,1,7,3,1965
50,100,100,89,50,50,1,2,4,3,1955
7,84,91,56,2,1,1,2,7,3,1947
100,57,71,100,100,91,0,1,1,1,1951
1,59,75,80,1,6,1,1,7,3,1940
100,99,33,48,81,39,0,2,1,3,1984
88,56,84,54,83,51,1,2,2,3,1956
100,99,90,91,99,6,0,2,1,1,1960
0,29,73,66,1,2,1,2,7,5,1943
2,58,99,84,2,19,1,2,7,5,1972
91,39,93,55,75,7,1,2,2,3,1972
0,51,72,72,10,5,1,1,7,4,1974
75,69,69,3,60,100,1,1,2,3,1973
71,94,84,98,94,23,1,2,4,3,1946
40,79,77,72,61,59,1,1,6,4,1949
50,50,50,50,49,50,0,1,4,3,1968
98,69,52,87,93,64,1,2,1,2,1968
1,76,78,67,1,12,1,2,7,4,1960
88,61,71,71,96,88,1,2,2,2,1945
16,73,48,48,9,1,1,1,7,3,1981
46,84,85,43,65,75,0,1,5,2,1992
91,88,84,67,97,71,0,2,1,2,1950
0,86,85,86,1,0,1,1,7,5,1947
0,50,100,41,0,0,1,1,7,3,1975
1,50,50,50,1,1,1,2,7,4,1945
60,50,50,50,6,97,1,1,4,4,1942
99,85,89,91,97,72,0,2,1,1,1943
67,100,100,88,100,50,0,1,4,4,1951
5,96,99,98,100,19,1,2,6,5,1943
0,76,50,50,0,2,1,2,7,5,1956
0,75,100,99,0,1,1,2,7,3,1939
95,90,90,80,90,100,1,2,1,2,1954
30,50,60,50,60,90,1,1,3,2,1936
67,63,70,50,44,57,1,2,4,3,1963
89,70,49,80,60,100,0,1,2,2,1974
0,59,60,73,0,2,1,2,7,4,1985
2,51,66,59,1,49,1,2,7,5,1950
96,84,78,87,82,1,1,1,2,2,1954
0,69,95,74,0,0,1,2,7,3,1961
1,38,100,90,64,30,1,1,7,5,1943
100,96,88,88,74,68,0,2,2,2,1990
49,76,87,80,41,84,1,2,5,3,1966
15,51,51,50,21,1,1,1,6,3,1955
90,60,80,70,30,84,1,1,2,2,1953
5,50,50,50,0,5,0,2,7,4,1951
70,74,97,89,85,46,1,1,2,2,1951
30,50,51,51,31,38,1,2,6,3,1978
61,0,99,0,0,100,1,1,3,4,1949
70,61,75,3,20,61,1,1,3,3,1957
86,53,97,66,69,3,1,1,3,4,1981
1,2,100,1,1,2,1,1,7,3,1971
19,85,85,86,25,15,1,2,7,3,1943
0,50,90,49,0,0,1,2,7,5,1956
99,63,67,75,79,100,1,2,1,1,1960
90,50,61,59,11,40,0,2,2,4,1962
3,56,79,42,55,50,1,2,6,2,1962
100,51,50,52,100,50,0,2,1,1,1947
2,40,60,51,1,2,1,1,7,5,1958
0,51,50,51,0,10,1,1,7,4,1954
1,66,70,62,0,1,1,2,7,5,1958
51,40,61,19,58,62,1,1,6,4,1965
100,100,71,75,90,70,0,2,1,1,1955
5,55,66,64,3,3,1,2,7,5,1947
9,50,50,50,2,6,1,1,6,3,1993
1,98,100,74,0,3,1,2,7,5,1950
0,50,50,50,0,0,1,1,7,4,1967
0,50,50,50,0,0,1,1,7,4,1974
90,63,80,51,71,59,0,2,2,5,1965
100,50,0,50,99,76,0,1,1,1,1992
60,80,30,50,0,50,0,2,2,2,1982
95,100,82,97,99,88,0,2,1,1,1957
11,4,50,50,25,6,1,1,7,4,1954
75,59,60,65,65,51,1,1,3,3,1964
76,65,95,16,6,18,1,2,2,2,1988
41,75,75,46,67,80,1,1,5,4,1982
1,12,100,51,0,1,1,2,7,5,1973
98,90,50,52,91,74,0,1,1,2,1952
79,36,93,31,58,76,1,2,2,3,1957
98,99,71,96,99,2,0,1,1,3,1975
94,37,96,27,75,58,1,2,3,3,1984
1,89,85,85,1,7,1,1,7,4,1982
19,70,94,85,47,74,1,1,7,3,1952
1,75,76,51,1,50,1,1,7,5,1945
1,50,50,100,1,1,0,1,7,4,1956
83,98,51,50,51,93,1,2,2,2,1980
4,49,64,50,30,49,1,2,6,3,1973
3,66,61,59,2,34,1,1,7,5,1974
100,98,79,77,100,7,0,2,1,3,1949
4,59,59,70,11,5,1,1,7,3,1945
87,98,69,100,100,47,0,2,2,2,1957
6,11,100,10,1,0,1,2,7,5,1940
90,75,75,76,91,88,0,1,2,3,1988
100,100,50,96,100,99,0,1,1,2,1945
0,52,53,53,0,3,1,2,7,4,1954
94,97,61,95,82,96,0,2,2,3,1975
1,40,50,40,1,30,1,1,7,3,1961
3,49,85,62,1,5,1,2,7,3,1961
94,50,53,88,81,91,1,2,2,2,1960
2,50,53,52,2,2,0,1,7,5,1947
6,50,50,50,4,6,1,2,7,4,1953
5,70,90,70,3,5,1,1,7,3,1950
90,61,88,60,60,90,1,2,2,2,1980
89,100,70,51,100,51,1,2,5,4,1955
2,998,42,29,19,20,1,2,7,4,1942
3,90,80,43,5,30,1,1,7,4,1927
5,51,50,51,4,2,1,1,7,5,1950
1,85,85,85,1,1,0,2,7,2,1957
31,89,97,50,0,50,1,1,5,2,1952
100,99,31,99,75,75,0,1,1,3,1975
72,70,75,80,49,55,0,2,2,3,1980
1,50,51,60,1,16,1,1,7,5,1946
85,72,60,60,52,54,1,1,2,4,1945
86,100,75,90,70,100,1,1,2,2,1954
95,71,80,87,76,86,1,2,1,2,1956
1,18,59,25,0,0,1,2,7,5,1958
60,80,80,80,85,90,1,1,3,2,1957
66,83,84,75,72,75,1,1,3,2,1956
0,61,70,50,0,21,1,2,7,4,1948
95,99,75,74,89,88,0,2,2,5,1953
1,93,82,94,1,5,1,1,7,4,1954
90,97,80,94,60,99,1,2,2,2,1951
0,50,100,50,0,50,1,2,7,3,1960
6,70,70,70,21,32,1,2,6,3,1959
2,63,69,48,1,19,1,2,7,4,1953
75,87,86,89,63,98,0,2,2,2,1950
1,85,85,95,2,2,1,1,7,4,1937
0,99,100,71,0,0,1,1,7,5,1964
1,54,60,60,1,30,1,2,7,3,1961
84,72,56,71,84,69,1,1,2,2,1953
52,51,60,35,18,40,1,2,3,4,1956
10,50,44,60,23,30,1,1,7,4,1953
59,99,99,99,41,41,1,2,3,3,1964
80,60,70,85,75,95,0,1,2,2,1976
0,40,89,60,0,5,1,1,7,5,1942
43,998,99,7,30,998,1,2,3,3,1961
0,15,75,15,0,0,1,1,7,5,1952
57,50,100,59,84,42,1,2,5,3,1956
0,39,90,70,5,11,1,1,7,4,1968
3,34,81,46,0,23,1,1,7,4,1972
59,50,97,64,56,58,1,2,3,4,1965
32,100,100,90,41,100,1,2,5,4,1958
56,92,71,64,66,32,0,2,2,2,1960
81,71,74,74,77,90,1,1,2,2,1989
10,61,50,80,11,6,1,1,7,3,1950
70,70,69,86,71,31,0,2,3,3,1967
84,91,81,88,100,22,1,2,2,5,1944
9,45,50,41,1,21,1,1,7,4,1949
59,59,71,50,64,59,1,2,3,2,1980
86,52,52,52,85,78,1,2,2,2,1966
80,30,50,50,75,65,1,1,2,1,1980
94,99,79,81,77,91,0,1,1,1,1989
5,50,52,50,7,20,1,1,7,3,1970
99,71,97,89,72,85,1,1,1,4,1945
0,90,90,90,0,0,1,2,7,5,1990
0,50,50,42,5,0,0,1,7,5,1946
100,50,50,50,85,85,0,1,1,2,1961
96,76,60,64,74,84,0,2,1,1,1984
5,56,48,41,33,5,1,1,3,3,1994
0,89,90,87,0,6,1,2,7,4,1938
0,100,100,100,0,0,1,2,7,4,1971
3,26,100,38,1,37,1,2,7,3,1986
3,94,100,99,96,85,1,1,1,1,1951
8,50,50,50,3,4,0,2,7,4,1983
2,50,89,1,0,40,1,2,7,5,1942
100,100,100,100,100,100,0,2,1,1,1961
0,90,71,71,0,30,1,2,7,5,1945
82,75,67,45,79,39,0,1,2,2,1974
100,84,87,85,78,100,1,1,1,2,1952
54,49,69,47,76,55,1,2,4,3,1977
99,80,75,74,99,0,1,2,1,1,1941
0,93,2,44,1,3,0,1,7,4,1974
63,79,69,63,70,30,1,2,3,3,1968
20,50,50,95,16,50,0,1,6,3,1957
98,94,78,84,85,87,0,2,2,3,1959
0,50,100,50,0,15,1,2,6,4,1955
100,81,90,71,99,98,1,1,1,1,1949
1,100,100,100,1,1,0,1,7,3,1962
90,96,97,95,51,86,1,1,2,2,1951
19,41,86,34,18,9,1,2,6,2,1953
6,50,59,21,5,9,0,2,7,5,1959
70,75,88,74,95,51,0,2,3,3,1973
15,63,70,49,81,73,1,2,7,5,1945
0,34,100,55,19,62,1,2,7,4,1959
89,51,50,50,60,94,1,2,2,2,1985
100,81,86,70,91,51,1,2,1,3,1938
100,85,85,88,98,85,0,1,1,4,1958
69,69,56,69,64,87,1,2,3,2,1956
57,77,86,44,53,56,1,2,3,3,1982
100,84,30,30,64,0,0,2,1,1,1977
98,72,72,89,75,70,0,1,1,1,1960
0,100,100,100,0,0,1,2,7,3,1964
3,30,100,70,100,90,0,2,5,2,1938
94,94,44,93,94,86,0,1,2,1,1949
3,80,97,49,49,71,1,2,7,5,1962
68,97,96,97,68,85,0,1,4,2,1980
50,56,60,55,71,2,0,2,5,2,1974
1,50,50,50,1,1,1,1,7,3,1948
2,20,60,53,2,2,1,2,7,4,1946
87,60,83,61,72,41,1,2,2,2,1933
0,0,51,0,0,0,1,1,7,5,1959
4,3,62,58,2,4,1,1,7,4,1949
0,100,70,90,0,6,1,1,7,5,1964
7,51,74,55,0,12,1,1,7,3,1959
2,48,50,50,0,1,1,1,7,3,1952
71,85,20,95,35,40,1,1,1,1,1954
30,79,66,81,0,80,1,2,6,4,1953
37,52,100,50,84,19,1,1,4,2,1959
4,74,77,73,5,28,1,2,7,4,1942
0,95,89,90,2,3,1,1,7,5,1953
100,100,100,100,100,86,1,1,1,1,1955
0,89,60,70,0,0,1,1,7,5,1953
98,99,100,99,99,71,1,2,1,1,1940
59,88,84,89,88,84,0,2,4,3,1963
0,90,80,80,0,6,0,2,7,3,1968
100,83,70,100,90,100,1,2,1,3,1983
86,50,50,50,99,75,1,2,1,3,1946
19,50,50,49,16,62,0,2,7,3,1949
13,50,50,50,0,40,1,2,6,4,1964
61,100,100,100,0,32,1,1,5,5,1945
1,78,78,62,1,51,1,2,7,4,1936
95,52,100,91,71,52,1,2,4,3,1972
34,85,58,60,51,36,1,1,1,2,1988
9,38,82,43,6,17,1,2,7,4,1975
100,91,97,93,100,100,1,1,1,1,1938
52,71,49,91,33,35,0,2,5,3,1965
71,71,70,70,50,61,0,1,4,3,1979
28,35,22,94,3,63,0,1,5,3,1990
18,81,100,96,35,55,1,1,6,3,1934
99,62,45,85,20,100,1,2,1,1,1960
88,80,68,74,72,52,0,2,2,2,1955
3,80,99,85,3,40,1,1,7,3,1954
2,86,86,73,1,64,1,2,7,3,1948
99,94,96,96,89,88,1,1,1,3,1956
59,53,51,40,38,39,1,2,5,2,1962
6,42,81,68,6,2,1,1,7,3,1974
100,88,99,62,100,10,1,2,1,4,1963
30,90,90,90,2,55,1,1,6,3,1948
60,77,84,93,56,90,1,2,5,3,1992
59,50,72,31,97,50,1,1,6,3,1959
22,38,53,48,0,1,1,1,7,4,1992
100,90,81,81,81,100,1,1,1,1,1955
100,100,1,100,100,1,0,1,1,1,1952
6,72,69,4,1,3,1,1,7,5,1953
16,83,100,77,85,60,1,2,7,5,1958
11,50,50,50,12,70,1,2,6,4,1955
94,100,61,84,82,88,0,1,2,2,1983
11,16,37,86,9,19,1,2,7,2,1991
81,50,52,53,57,59,1,1,2,2,1980
80,50,50,55,67,55,1,1,2,2,1982
6,61,90,51,5,21,1,1,7,4,1936
5,52,51,41,1,16,1,1,7,4,1930
100,72,78,96,91,75,0,2,1,2,1941
16,53,51,52,11,61,1,2,6,3,1956
40,6,87,42,20,74,1,2,6,2,1984
29,80,77,57,57,48,1,1,4,2,1979
60,72,41,24,78,50,0,1,1,1,1992
3,1,70,52,0,0,1,1,7,5,1945
3,72,74,94,3,50,1,2,7,5,1968
1,83,91,81,0,0,1,1,7,5,1977
100,50,50,50,100,50,1,2,1,1,1968
31,50,50,50,25,35,1,1,6,3,1993
100,98,49,50,99,0,0,2,1,2,1972
72,50,50,50,84,94,1,2,2,2,1972
0,41,83,51,0,0,1,1,7,5,1921
92,37,80,55,55,13,1,2,2,3,1964
2,90,90,86,2,5,0,2,6,4,1940
56,78,68,68,54,90,0,1,2,2,1979
70,99,51,100,20,100,1,1,3,3,1989
4,66,89,80,9,16,1,1,7,3,1939
67,98,79,63,56,64,0,1,7,1,1972
17,100,62,61,2,10,0,1,6,3,1964
83,66,86,61,92,58,1,2,2,2,1972
91,89,87,91,78,96,1,1,1,2,1956
95,54,53,53,75,75,1,2,1,2,1946
89,60,84,50,65,99,1,2,2,2,1983
35,50,51,50,40,51,1,1,6,2,1991
97,99,55,83,89,99,1,2,5,4,1961
6,80,100,22,3,51,1,2,7,3,1975
89,61,87,33,70,50,1,2,2,1,1958
70,46,44,94,12,16,0,1,3,2,1963
50,15,96,0,20,90,1,1,5,3,1973
0,41,45,55,0,0,1,2,7,4,1956
61,53,63,32,38,54,0,2,7,3,1987
3,95,87,28,9,53,1,2,7,4,1986
89,97,94,89,95,84,1,1,1,1,1994
100,51,50,51,90,50,0,1,2,3,1956
5,50,50,50,6,51,0,2,7,3,1973
91,100,100,99,100,998,1,2,2,3,1950
88,94,91,78,60,86,1,2,2,2,1944
74,52,50,55,53,27,0,2,2,3,1961
100,100,26,100,81,6,0,2,1,1,1974
40,998,998,61,1,71,0,2,5,4,1955
0,13,87,60,30,50,1,1,7,4,1972
71,31,70,45,39,60,1,1,3,2,1971
1,18,100,15,2,4,1,1,7,3,1962
91,89,12,59,9,18,0,1,1,1,1978
60,33,73,43,65,37,0,2,1,1,1982
61,74,100,87,41,59,1,2,6,3,1955
100,90,78,100,100,89,0,1,1,3,1983
73,91,55,100,53,77,0,2,2,5,1992
100,98,85,4,97,15,0,2,4,3,1958
99,100,89,90,81,51,0,2,1,2,1954
100,97,93,97,98,67,1,2,1,2,1943
52,50,41,50,50,51,1,1,4,3,1954
96,96,91,88,100,89,1,2,2,2,1973
23,0,1,86,2,1,0,2,7,3,1987
80,50,50,50,54,77,1,1,2,3,1989
0,0,60,70,60,30,0,1,7,5,1975
92,93,89,82,95,99,1,1,2,3,1983
16,67,83,45,3,61,1,2,6,4,1939
38,18,27,34,34,36,0,2,3,3,1985
5,2,0,57,3,3,0,2,7,5,1965
10,70,90,41,21,59,1,1,6,3,1940
15,100,100,100,17,49,1,1,6,5,1978
1,1,1,3,3,2,1,1,7,3,1984
10,73,97,23,10,30,1,2,7,4,1949
50,70,70,50,50,55,0,2,4,3,1943
18,69,73,71,10,72,1,1,6,4,1973
13,50,73,44,86,60,1,1,2,2,1988
15,95,94,95,41,30,1,2,6,4,1962
0,100,45,90,69,80,0,2,7,5,1960
0,40,95,61,0,20,1,2,7,3,1938
88,51,51,50,92,6,0,1,2,2,1995
0,50,50,50,0,18,1,2,7,4,1959
0,65,70,81,0,0,1,2,7,4,1956
0,78,68,81,0,5,1,2,7,2,1981
75,30,90,55,85,70,1,1,2,2,1973
50,50,50,50,50,50,0,1,4,3,1994
100,60,41,90,100,59,0,1,1,3,1993
70,68,81,41,61,60,1,1,5,4,1958
2,1,1,1,0,0,1,1,7,5,1973
4,32,48,32,2,50,1,2,6,3,1979
95,87,76,70,85,41,0,2,2,3,1967
49,49,50,50,48,50,1,1,4,3,1985
84,100,100,100,79,86,0,2,2,2,1978
81,63,70,58,51,48,0,2,3,2,1955
89,73,69,58,74,92,1,2,2,2,1954
90,97,66,86,95,81,1,2,2,2,1970
0,51,51,50,1,31,1,1,7,3,1962
18,50,50,51,24,51,1,1,6,3,1949
70,50,50,59,80,46,0,1,2,3,1976
17,99,99,99,1,99,1,1,6,4,1950
91,98,42,42,70,10,0,2,2,2,1947
100,100,83,91,97,75,0,2,1,1,1972
8,91,41,33,20,53,1,2,7,5,1940
50,80,89,55,51,3,1,1,4,3,1968
1,85,86,86,1,10,1,1,6,5,1968
100,0,99,100,100,58,0,2,1,1,1995
4,85,85,85,5,25,1,1,7,3,1972
50,100,95,85,56,50,0,2,3,3,1951
75,86,35,100,4,94,0,1,2,4,1990
42,94,88,14,65,71,1,2,6,3,1960
2,73,63,72,2,2,1,2,7,4,1980
33,90,81,73,34,40,0,2,6,3,1991
81,85,50,50,53,0,0,2,2,3,1960
96,95,94,98,99,72,0,2,1,2,1988
3,50,80,52,2,51,1,1,7,3,1971
91,6,90,7,81,6,1,1,2,2,1957
99,94,91,96,100,85,1,2,2,2,1973
12,50,90,71,52,6,1,1,4,3,1968
0,50,50,70,0,10,0,1,6,3,1988
69,63,61,63,75,73,1,2,2,3,1975
89,77,73,75,92,18,1,2,2,3,1934
99,59,62,89,100,51,0,1,1,1,1947
91,70,51,51,90,77,0,2,2,2,1989
31,91,87,100,95,89,0,2,1,1,1980
63,50,50,51,59,50,1,1,3,2,1992
1,6,98,27,11,6,1,1,7,3,1952
67,76,99,76,40,88,1,2,3,3,1958
99,97,19,51,89,80,0,2,1,5,1963
80,77,73,74,77,81,1,1,2,2,1953
100,75,79,76,48,98,1,2,2,2,1991
8,47,61,37,62,38,1,1,6,3,1977
86,51,99,22,91,29,1,1,2,2,1985
3,50,97,8,1,14,1,1,7,5,1976
96,80,55,37,100,81,0,2,1,1,1966
4,51,50,29,2,2,1,2,7,3,1993
99,59,72,55,53,99,1,1,1,3,1990
86,100,53,100,71,31,0,1,1,2,1954
0,50,50,89,15,40,0,1,7,3,1972
13,13,89,100,2,20,0,1,7,4,1957
93,93,93,92,92,19,1,1,1,1,1954
5,25,100,45,1,1,0,1,7,5,1993
76,57,57,82,60,21,0,2,2,3,1990
14,50,50,50,30,31,1,2,7,4,1958
0,48,60,50,0,0,0,1,7,5,1973
1,78,99,81,1,2,1,2,7,4,1966
56,81,88,81,73,68,0,2,2,2,1987
74,81,41,50,90,37,0,1,4,3,1967
70,72,70,71,77,71,1,2,3,3,1996
77,90,91,79,80,100,1,2,2,2,1981
67,46,68,69,75,19,0,1,2,2,1978
94,91,93,89,81,86,0,1,2,2,1951
88,51,53,50,56,49,0,2,3,3,1979
54,41,51,30,74,50,1,1,3,4,1977
1,50,51,35,0,1,0,2,7,3,1982
10,100,83,13,14,11,1,2,7,5,1950
0,70,80,70,0,0,1,1,7,3,1970
31,69,99,98,75,99,1,1,5,4,1967
39,51,51,59,34,55,1,1,5,4,1952
32,86,86,75,81,99,1,2,2,3,1991
30,52,72,91,91,21,0,1,5,3,1980
32,65,98,6,64,50,1,1,4,2,1956
2,100,99,98,1,52,0,2,7,5,1979
75,88,60,94,47,89,1,2,4,1,1995
0,60,90,93,0,0,1,1,7,5,1971
100,100,70,98,100,64,0,2,1,2,1964
3,60,84,68,4,19,1,1,7,3,1974
88,81,95,97,88,65,0,1,2,3,1963
0,45,99,80,0,15,1,1,7,4,1988
2,50,81,97,1,9,0,1,7,5,1988
97,45,57,79,63,97,0,2,2,2,1990
0,0,100,0,0,0,1,2,7,3,1982
54,51,52,91,53,53,0,1,4,3,1997
49,93,76,93,39,39,1,2,3,2,1965
62,82,72,8,0,92,1,1,4,3,1959
97,46,99,98,100,1,0,2,2,4,1991
19,50,50,50,8,54,1,2,6,3,1984
41,53,98,69,41,54,1,2,6,4,1979
26,42,19,25,25,32,1,1,1,5,1989
1,2,2,2,1,1,1,1,7,4,1981
66,63,92,32,29,45,1,2,5,3,1959
45,90,97,71,95,30,1,2,6,5,1964
5,89,89,95,2,79,0,1,7,3,1944
75,67,35,66,58,66,1,1,2,1,1988
89,94,72,80,85,34,0,2,2,3,1989
90,90,90,90,75,85,1,2,1,2,1993
2,50,51,50,1,10,1,1,7,4,1996
100,50,51,50,100,100,0,2,4,3,1994
75,41,71,66,61,30,1,1,1,2,1973
54,84,81,99,78,44,1,1,5,2,1975
15,100,100,100,19,31,1,2,6,3,1997
42,40,95,36,85,50,1,2,5,4,1940
56,75,75,85,2,100,1,2,3,2,1973
50,70,60,90,50,60,0,1,5,2,1951
0,41,100,2,2,51,1,2,7,3,1977
52,47,83,100,50,51,0,2,4,3,1994
75,50,45,55,40,75,0,2,2,3,1995
37,50,92,81,18,13,1,1,6,4,1967
3,90,100,94,1,60,1,2,6,4,1957
12,19,100,17,81,44,1,2,6,3,1987
72,35,33,31,30,73,1,1,2,3,1981
52,45,44,41,85,55,1,1,2,3,1980
94,65,64,58,63,61,0,1,1,3,1968
39,51,80,63,50,51,0,1,4,3,1985
11,100,100,100,30,50,1,1,7,2,1960
72,80,47,80,73,81,1,1,2,2,1993
94,72,74,80,89,49,1,2,2,3,1947
26,25,33,27,53,45,1,2,6,2,1985
20,50,90,51,0,52,1,1,7,4,1952
71,48,47,17,100,47,0,1,4,4,1960
1,50,50,50,0,1,1,1,7,3,1980
100,100,100,100,51,100,0,2,1,3,1977
13,49,100,100,100,39,0,2,5,4,1975
2,3,69,27,1,4,1,2,7,3,1962
89,100,100,100,100,6,0,2,4,2,1975
71,65,70,60,31,100,1,2,3,4,1958
100,89,3,72,2,49,0,2,1,2,1983
99,89,90,75,100,52,0,1,1,2,1961
59,51,19,41,16,71,0,1,5,4,1996
91,77,87,72,90,85,1,1,1,2,1984
16,80,77,74,19,43,0,2,3,3,1969
71,70,50,90,70,51,0,2,2,4,1956
11,46,83,72,5,16,1,1,7,2,1990
44,52,54,60,18,89,1,1,5,3,1967
90,66,95,76,71,90,1,1,2,3,1954
54,50,50,50,88,51,0,1,3,3,1986
0,51,71,41,1,1,1,2,7,5,1942
6,4,31,40,0,17,1,1,7,5,1964
94,90,90,90,0,100,1,1,1,5,1957
86,91,81,90,75,50,1,2,2,2,1981
85,75,69,98,91,76,0,2,2,2,1947
50,50,50,50,0,49,1,1,5,3,1984
49,84,85,94,89,75,0,1,3,3,1976
100,99,53,70,100,99,0,1,1,2,1961
93,82,19,92,100,88,0,1,1,1,1953
52,81,100,73,63,78,1,2,6,4,1966
998,100,56,54,6,54,1,2,4,3,1976
6,82,96,50,0,20,1,1,7,4,1975
72,21,50,31,66,45,0,1,2,3,1983
92,59,93,47,50,59,0,2,1,3,1968
998,50,50,50,93,50,0,1,2,3,1997
2,96,95,95,0,0,0,1,7,4,1964
99,50,69,82,78,65,1,1,1,2,1991
100,96,99,94,89,94,1,2,1,1,1954
100,100,92,59,100,15,0,2,1,1,1968
86,84,59,80,80,62,1,1,2,2,1956
72,59,55,51,8,50,0,1,2,3,1989
5,71,70,5,0,5,1,1,5,4,1957
24,50,55,50,3,61,1,1,6,3,1950
78,96,86,95,38,91,1,2,2,2,1975
78,92,75,90,61,94,0,2,2,2,1997
68,50,52,84,76,72,0,2,4,2,1996
60,67,75,68,55,97,1,1,5,3,1972
51,82,78,87,49,87,1,2,4,3,1997
99,97,80,66,83,52,0,2,1,4,1996
0,85,79,78,1,1,1,1,7,3,1989
19,51,52,50,11,84,1,2,6,2,1993
32,49,48,49,1,91,1,2,5,4,1997
1,81,100,89,70,50,1,1,7,2,1962
99,100,70,100,99,96,1,1,1,2,1972
91,100,96,100,91,100,0,2,2,2,1973
97,99,59,65,50,56,0,2,2,3,1992
100,28,50,34,73,62,0,2,1,2,1997
71,70,50,71,0,100,0,1,3,3,1978
62,42,65,61,33,53,1,2,3,3,1959
4,87,76,57,39,63,1,2,6,2,1979
0,90,72,82,1,2,1,2,7,4,1970
92,80,80,71,95,80,1,1,2,3,1944
72,11,59,47,11,28,1,1,4,4,1982
98,40,50,50,85,50,0,1,2,4,1997
89,38,31,22,88,43,0,1,3,2,1983
18,69,63,69,4,24,1,1,7,2,1987
100,22,12,9,4,13,1,1,7,3,1994
1,50,50,50,1,45,1,1,7,5,1990
100,97,100,96,99,91,1,2,1,1,1937
86,84,51,69,94,16,1,1,2,3,1984
75,50,91,94,88,57,0,2,2,1,1978
68,61,64,63,57,58,1,1,3,1,1984
48,89,68,88,55,90,1,2,3,3,1996
4,100,100,80,44,59,1,2,7,3,1981
98,91,88,87,97,54,0,1,1,4,1974
5,80,88,36,4,59,1,1,7,3,1970
84,9,67,43,71,82,1,2,2,2,1993
6,59,59,74,5,50,1,2,7,4,1960
49,49,38,49,2,100,1,1,4,3,1990
100,100,56,60,86,52,0,1,1,2,1987
63,81,74,69,76,54,1,1,4,2,1957
21,71,39,31,39,40,0,1,2,2,1990
50,32,51,52,44,52,0,1,1,2,1975
100,100,74,50,998,73,0,2,4,3,1954
100,98,80,75,100,4,0,2,1,1,1957
50,20,74,74,53,26,0,2,3,3,1988
100,98,63,100,37,99,0,2,1,1,1995
73,80,72,82,60,90,0,1,2,2,1974
19,64,97,17,52,33,1,1,5,3,1968
35,85,86,71,18,69,0,1,6,4,1963
10,17,47,51,12,18,1,1,7,4,1970
86,84,74,81,69,74,1,1,2,2,1990
80,39,99,30,27,100,1,1,2,3,1974
100,90,50,99,80,91,0,2,1,3,1961
82,0,0,79,88,2,0,1,4,2,1988
65,75,63,64,50,77,0,1,3,3,1996
88,50,50,50,50,88,1,2,2,3,1959
2,51,50,51,3,2,1,2,7,5,1988
89,91,87,50,56,57,1,1,2,4,1981
91,53,46,53,84,97,1,2,2,2,1977
92,93,50,51,100,51,0,1,1,3,1976
97,95,90,89,88,97,0,2,2,2,1972
75,74,73,75,47,88,1,2,2,3,1987
96,100,100,100,92,90,0,2,2,4,1982
70,90,89,79,61,50,1,2,3,3,1951
21,60,78,77,36,50,1,2,7,5,1980
25,13,85,11,49,26,1,2,6,4,1980
74,82,68,80,4,56,1,2,3,2,1996
3,58,89,66,13,57,1,2,6,3,1977
26,85,85,85,5,80,1,1,6,3,1959
59,17,22,40,36,34,0,1,3,3,1989
55,55,95,41,31,54,1,1,3,2,1973
90,90,89,91,62,100,1,2,2,2,1987
100,61,41,16,70,50,1,1,1,3,1985
2,75,50,74,0,13,0,1,7,3,1995
31,41,41,39,6,100,0,2,6,3,1987
85,100,99,100,89,90,1,1,2,3,1954
15,85,85,76,44,25,1,2,6,4,1959
53,54,56,54,19,61,1,2,4,3,1962
97,89,51,90,85,83,1,2,2,2,1987
57,88,61,97,70,52,1,2,5,4,1963
60,49,72,42,61,78,1,2,3,3,1925
97,92,91,100,88,80,0,1,2,2,1959
93,77,62,71,64,90,1,2,2,2,1992
5,99,91,94,1,100,1,1,7,3,1991
1,11,95,66,6,81,1,2,7,5,1956
52,61,59,60,30,998,1,2,7,3,1959
30,40,70,41,46,46,1,2,6,4,1952
0,81,85,81,0,41,1,1,7,3,1947
89,45,89,72,60,66,1,1,2,2,1976
90,91,73,95,75,95,1,1,2,3,1970
99,79,100,99,98,100,0,2,1,1,1943
90,89,90,86,31,100,1,1,3,3,1941
1,60,99,61,0,4,1,2,7,4,1931
4,59,66,84,0,52,1,2,7,4,1946
84,56,50,50,70,97,1,1,2,1,1979
86,64,81,67,27,100,1,1,2,4,1988
3,50,50,50,17,5,1,1,7,3,1982
95,68,69,63,73,71,0,2,1,2,1976
86,75,50,50,70,91,1,1,2,2,1956
82,71,52,63,41,100,1,1,2,3,1989
72,50,50,50,19,85,1,2,3,1,1997
100,100,97,93,1,1,1,1,7,3,1984
76,96,52,100,70,98,0,2,2,3,1978
21,99,99,100,51,3,1,2,4,5,1973
46,79,82,78,61,59,1,1,1,1,1966
1,50,50,50,11,15,1,2,7,3,1975
64,100,100,100,84,51,1,1,3,3,1990
4,50,51,50,3,30,1,1,7,4,1976
87,84,0,50,15,100,0,2,2,2,1992
39,71,70,62,20,90,1,2,6,4,1990
96,100,100,100,99,96,1,1,2,4,1954
1,70,60,30,2,19,1,1,7,4,1955
63,60,71,38,13,99,0,2,4,2,1989
54,9,66,27,47,22,1,2,5,4,1960
5,80,99,51,12,3,1,2,7,4,1948
22,50,51,50,9,52,1,1,4,3,1995
64,100,100,100,51,100,0,1,3,3,1983
2,53,50,53,1,29,1,1,7,5,1994
100,100,50,50,94,90,0,2,1,3,1995
31,49,71,65,9,77,0,2,5,4,1982
3,69,83,78,1,54,0,2,7,5,1978
72,37,8,22,13,26,0,2,2,3,1990
86,71,81,87,42,100,1,1,1,1,1944
72,73,42,31,89,68,0,2,3,3,1969
94,52,50,52,38,87,0,2,2,3,1994
100,100,49,10,77,99,0,2,1,1,1980
0,58,61,67,0,26,1,1,7,3,1978
79,66,64,60,38,39,1,1,4,2,1993
88,81,86,100,100,43,0,2,2,2,1958
98,96,49,2,55,87,0,2,2,3,1973
44,68,60,998,61,71,1,2,5,3,1949
68,77,41,81,55,64,1,2,3,5,1987
100,100,65,97,100,11,0,2,1,5,1976
83,39,41,58,0,100,1,1,4,3,1994
0,50,89,61,0,31,1,2,7,3,1954
55,50,50,50,10,90,1,2,3,3,1995
1,80,85,85,30,15,1,1,7,3,1995
88,50,36,64,15,94,0,2,2,3,1997
1,100,98,50,1,71,1,2,7,4,1977
41,65,28,19,6,19,1,2,4,4,1996
31,60,78,71,22,71,1,1,5,2,1987
54,64,82,84,90,57,0,2,3,3,1952
39,25,63,3,39,21,1,1,1,3,1992
99,50,52,51,71,73,0,2,2,3,1978
80,40,100,34,46,82,1,2,2,3,1981
64,62,50,66,84,39,1,1,3,3,1984
2,53,49,7,2,8,1,1,4,3,1977
0,100,0,100,0,60,1,1,7,5,1976
2,44,89,36,2,3,1,2,7,4,1940
94,100,47,100,81,100,1,2,2,1,1983
83,96,98,83,11,98,1,2,3,1,1996
10,47,91,66,5,1,1,1,7,3,1957
100,95,47,90,70,100,1,2,1,1,1990
76,58,59,99,60,99,1,1,1,3,1986
96,77,74,78,63,97,0,2,2,4,1986
19,50,50,50,0,60,1,2,6,5,1991
44,93,87,90,32,57,1,1,3,4,1983
69,89,95,95,50,57,1,2,3,3,1991
59,56,52,52,54,53,1,2,4,3,1981
32,55,69,55,50,74,1,1,3,2,1983
38,100,5,100,1,31,0,2,3,4,1981
89,71,89,99,90,99,0,1,2,5,1971
80,34,71,98,100,75,0,1,4,3,1989
52,52,75,67,59,49,0,1,4,2,1996
50,83,52,66,89,41,1,1,7,2,1978
66,68,56,67,50,100,1,2,2,2,1994
89,100,40,100,30,95,0,2,3,2,1990
66,100,21,100,40,70,1,2,2,3,1992
68,86,78,66,60,81,1,2,3,2,1986
71,97,89,94,45,58,1,2,2,3,1994
51,70,92,72,41,63,0,1,4,2,1986
90,79,95,88,94,84,0,2,2,2,1986
93,75,75,79,81,71,1,1,2,2,1988
78,99,51,100,71,100,1,1,2,2,1983
90,92,52,100,59,100,0,1,2,1,1993
78,64,78,70,72,64,1,2,2,2,1986
0,59,62,39,2,0,1,2,7,5,1937
32,100,100,84,1,87,1,1,6,5,1979
85,99,16,100,0,100,1,1,2,3,1988
72,63,69,73,1,100,1,2,2,3,1971
97,98,55,51,97,0,0,1,2,1,1992
4,50,100,50,0,0,1,1,7,5,1951
0,50,50,50,6,0,1,1,7,4,1977
32,86,99,48,4,4,1,1,4,4,1989
10,83,100,48,3,25,1,1,7,5,1974
3,84,83,90,1,0,1,1,7,4,1937
76,75,62,91,31,100,1,1,3,4,1987
6,100,100,100,1,998,1,2,6,5,1970
56,51,50,53,6,58,1,2,4,3,1967
1,98,100,100,2,15,1,2,7,4,1981
79,91,76,92,72,56,1,1,2,2,1993
14,88,99,95,22,53,1,2,5,3,1989
70,71,100,70,100,48,1,2,1,2,1995
94,78,81,98,99,41,1,2,1,3,1961
56,90,80,81,59,17,0,1,4,3,1973
98,79,29,50,71,20,0,2,1,2,1987
34,70,91,69,21,33,1,2,6,3,1953
100,100,50,100,99,28,0,1,1,1,1972
100,100,100,100,89,61,0,2,1,1,1964
2,10,98,8,9,29,1,1,7,3,1973
25,91,89,88,12,19,1,2,7,5,1942
15,85,85,40,14,32,1,1,6,3,1997
8,15,88,11,3,23,1,1,7,3,1987
86,68,66,87,87,48,0,2,3,3,1991
6,68,99,66,19,41,1,2,7,4,1991
36,18,100,21,58,33,1,2,7,3,1990
25,91,50,90,1,90,1,2,6,3,1993
100,100,100,100,95,61,1,2,1,2,1960
87,98,70,78,69,93,1,2,2,3,1987
87,92,91,97,100,998,0,1,2,4,1965
94,40,50,91,43,49,0,1,2,2,1993
80,52,53,53,55,90,1,2,2,3,1953
75,100,97,100,30,100,1,1,3,2,1980
42,76,75,72,38,93,1,2,5,3,1957
8,39,100,38,16,42,1,2,7,5,1989
2,50,50,41,0,60,1,2,7,3,1994
9,19,93,38,97,9,1,2,4,4,1986
89,58,37,77,60,50,1,2,2,3,1969
87,50,50,50,56,90,1,2,2,3,1993
3,41,88,50,6,56,1,2,7,3,1982
74,94,79,53,77,10,0,1,3,5,1994
22,72,72,71,12,79,1,2,6,3,1962
40,58,35,4,34,12,1,2,7,4,1985
100,72,74,93,99,54,0,2,2,3,1994
0,99,100,19,1,998,1,2,7,4,1973
84,44,78,98,63,47,0,2,3,2,1986
73,85,85,66,60,50,0,1,2,3,1985
50,100,100,1,31,0,1,2,4,3,1979
80,70,60,85,66,100,1,1,2,2,1996
86,90,90,90,70,100,1,2,2,2,1991
60,51,51,50,49,50,1,2,3,2,1993
55,90,99,50,76,50,1,2,5,3,1982
60,50,58,92,48,30,0,2,4,4,1973
12,51,50,53,1,43,1,1,7,4,1976
4,49,88,60,6,7,1,1,7,4,1969
85,78,47,83,76,50,0,2,4,3,1978
31,97,91,97,0,62,1,2,6,2,1994
2,63,71,100,6,3,1,2,7,5,1980
41,100,85,100,30,96,0,1,5,3,1975
42,50,50,50,3,100,1,1,6,3,1977
96,70,60,69,89,60,1,1,1,2,1993
72,72,85,77,75,85,1,1,1,1,1988
75,47,84,54,75,66,1,1,2,3,1954
51,80,80,80,56,50,1,1,5,3,1990
99,83,98,96,99,97,1,1,1,2,1974
4,46,60,90,41,46,0,2,7,2,1987
100,50,50,37,28,52,1,2,1,2,1990
99,99,40,99,20,79,0,1,1,3,1975
27,56,84,51,41,19,1,2,4,3,1979
71,90,87,87,67,96,1,1,2,3,1985
100,90,40,60,89,100,0,2,1,1,1971
91,82,98,86,22,92,1,2,2,3,1987
3,100,31,100,0,100,1,1,5,2,1989
5,46,99,30,0,40,1,2,7,5,1952
44,66,73,71,40,55,1,2,5,4,1991
0,46,66,62,13,55,0,2,7,4,1954
1,4,16,15,1,8,1,2,7,4,1982
21,90,100,85,0,50,1,2,7,5,1984
62,72,72,71,15,93,1,1,3,4,1992
100,100,50,100,69,100,1,2,1,1,1987
54,99,90,95,100,96,1,2,2,3,1979
58,51,53,32,56,16,1,2,3,2,1992
20,94,99,89,8,50,1,2,6,4,1968
44,85,80,86,55,81,0,2,4,4,1990
100,80,82,86,36,100,0,2,1,5,1994
30,72,62,52,19,40,1,2,6,2,1988
98,99,25,1,100,5,0,1,1,3,1985
85,80,76,72,30,91,1,2,2,2,1987
88,97,96,99,80,33,1,2,2,1,1986
14,33,94,9,2,35,1,1,7,5,1977
50,50,48,52,50,52,1,2,4,3,1992
0,69,69,50,0,9,0,2,7,3,1964
34,50,51,50,5,60,1,2,6,3,1986
10,50,50,66,0,0,0,1,7,5,1949
1,65,74,24,1,21,1,2,7,5,1962
47,50,50,50,47,54,1,2,5,2,1989
63,63,61,56,60,100,1,2,3,3,1988
0,86,87,0,0,50,1,2,7,5,1992
41,84,94,71,51,57,1,2,4,4,1995
60,54,57,55,65,55,0,1,3,2,1991
90,85,85,85,79,95,0,2,1,2,1954
20,66,100,77,59,49,1,2,6,4,1991
30,100,100,100,2,40,1,1,6,4,1986
17,82,42,79,31,57,1,1,6,4,1989
0,100,100,100,0,40,1,1,7,3,1985
81,51,50,51,40,98,1,1,2,3,1993
84,100,63,100,72,88,1,1,2,2,1997
70,30,70,45,76,39,0,2,3,3,1991
69,4,51,29,73,12,0,1,2,4,1979
87,76,65,99,99,85,0,2,1,3,1982
100,89,88,100,90,43,0,2,2,2,1986
73,61,50,74,70,40,0,1,2,2,1986
92,89,36,87,26,100,1,2,2,2,1996
100,90,70,86,100,76,0,1,1,1,1965
60,81,99,50,55,50,1,2,3,2,1958
75,91,94,96,24,96,1,1,3,3,1982
0,53,87,53,0,998,1,2,7,4,1992
100,86,86,69,99,52,1,2,2,1,1956
77,57,47,59,52,46,1,1,3,5,1989
53,72,69,57,72,57,0,2,2,2,1996
6,7,7,70,16,4,0,1,3,3,1974
99,4,50,67,100,51,0,1,1,1,1983
1,91,100,84,21,5,1,1,7,5,1988
3,69,91,50,1,3,0,2,7,4,1987
90,64,73,93,66,51,0,1,2,2,1996
38,53,52,51,64,49,1,2,5,4,1981
1,35,99,39,3,50,1,2,7,5,1965
85,96,97,99,97,97,0,1,2,2,1971
91,94,84,96,99,64,0,1,1,4,1960
3,27,65,1,6,3,1,1,7,4,1963
17,100,99,100,7,98,0,1,6,5,1989
83,88,75,79,55,96,1,1,2,2,1985
85,85,85,85,100,90,1,1,2,2,1991
81,89,84,88,36,92,1,1,2,2,1970
31,57,73,16,59,30,1,1,6,4,1952
5,47,100,32,3,51,1,2,7,4,1987
6,51,61,50,11,90,1,2,7,4,1962
56,50,50,50,50,50,0,2,7,5,1980
1,98,94,95,0,87,1,2,1,4,1965
51,52,53,52,32,51,1,1,4,3,1978
17,85,88,84,12,55,1,2,6,3,1951
0,60,65,55,0,0,1,1,7,3,1993
79,98,90,98,90,89,1,2,2,2,1976
90,63,77,68,94,64,1,2,4,3,1924
100,71,70,71,61,85,1,2,1,3,1953
91,91,58,84,58,68,0,1,2,2,1994
0,71,100,65,0,0,1,1,7,4,1969
85,84,80,84,76,89,1,1,2,3,1978
100,89,76,1,100,2,0,2,1,4,1990
87,54,44,52,64,72,1,1,2,2,1994
43,86,89,84,55,52,1,2,5,4,1992
12,16,63,24,1,7,1,2,7,4,1948
71,80,57,82,61,97,1,1,2,2,1991
64,53,86,69,78,64,0,2,5,2,1992
73,100,100,100,22,32,0,2,4,3,1996
93,50,52,50,18,95,1,1,1,1,1982
31,62,99,99,5,60,1,2,5,3,1983
12,56,50,59,12,24,1,2,6,3,1976
2,40,71,46,1,63,1,1,6,4,1984
0,27,100,22,0,0,1,2,7,3,1960
94,50,50,50,94,45,1,1,2,2,1953
35,28,97,33,24,61,1,2,6,2,1955
59,98,100,89,11,5,1,2,3,4,1977
77,35,42,32,84,29,1,1,2,3,1982
9,13,91,45,35,37,1,2,6,3,1981
19,99,96,99,6,82,1,1,6,3,1981
81,94,4,69,65,5,0,1,2,3,1978
33,73,85,72,52,5,0,2,6,3,1963
3,86,51,81,91,87,0,1,2,2,1935
11,9,89,86,38,99,1,2,7,2,1989
50,55,63,97,49,48,0,2,6,3,1965
66,97,78,74,54,100,1,1,3,2,1992
4,72,72,77,3,6,1,2,7,5,1961
100,100,92,98,94,98,1,2,2,2,1986
78,94,100,100,96,96,1,2,1,4,1990
95,84,85,84,84,65,0,1,1,4,1973
90,65,50,80,58,74,1,2,2,2,1990
18,68,71,60,16,35,1,2,6,3,1982
41,55,49,53,51,53,1,1,6,3,1989
36,54,71,72,27,53,1,2,6,3,1975
6,998,42,99,51,998,0,2,7,5,1962
4,74,69,85,2,1,0,1,7,5,1955
99,90,70,91,57,100,1,2,1,1,1989
88,99,99,99,80,96,1,2,2,3,1997
35,50,49,51,37,88,1,2,5,3,1989
29,86,81,86,22,81,1,2,5,3,1985
70,81,70,85,79,61,1,1,2,1,1963
100,100,50,0,100,0,0,2,1,1,1961
37,10,71,4,89,79,1,2,6,4,1976
70,52,49,53,36,74,1,1,2,2,1997
90,75,75,59,70,59,1,1,1,3,1966
40,100,99,100,72,69,1,2,6,3,1985
39,71,81,75,68,59,1,2,5,3,1973
94,94,63,100,20,94,0,2,2,3,1967
100,97,64,79,91,96,0,2,1,1,1975
0,69,90,70,0,50,1,2,7,4,1955
100,88,94,100,100,15,0,2,3,3,1970
82,50,50,50,85,59,1,1,2,3,1955
79,100,70,98,76,10,0,2,4,3,1957
1,0,0,0,0,0,1,2,7,5,1951
66,81,76,63,82,7,1,2,4,3,1980
51,50,51,50,52,43,1,2,2,2,1995
0,50,80,10,0,0,1,1,7,5,1954
73,52,53,53,31,89,1,1,3,2,1990
70,73,57,51,83,53,1,1,3,4,1973
15,77,78,99,3,73,0,1,7,5,1979
1,51,90,55,60,86,1,2,7,3,1957
15,2,99,53,5,54,1,1,7,4,1970
75,5,100,11,100,100,1,1,3,3,1981
94,60,40,61,59,97,1,1,1,2,1952
70,100,100,100,27,40,0,2,3,3,1992
41,86,76,99,56,100,1,2,5,4,1953
98,61,57,22,71,45,1,1,1,5,1988
51,50,17,50,49,68,1,1,4,4,1985
96,91,77,93,94,34,0,2,1,2,1977
17,68,82,86,92,79,1,2,5,4,1958
71,51,50,50,26,95,1,1,2,3,1994
68,70,70,69,70,40,1,1,4,2,1977
77,67,12,100,10,40,0,2,4,5,1978
